Episode,Steps,Winner,Active_Side,Black_Reward,White_Reward,Actor_Loss_Black,Critic_Loss_Black,Actor_Loss_White,Critic_Loss_White,Entropy_Black,Entropy_White,Black_Self_Dying_Count,White_Self_Dying_Count,Black_Kill_Count,White_Kill_Count,Black_Hit_Count,White_Hit_Count
1,6,black,Black,0.985,-1.015,-0.23721279,0.31045613,-0.38866034,0.47001445,0.0,0.0,1,3,0,0,0,0
2,6,black,Black,0.485,-0.515,-0.48384234,0.030823434,-0.10846964,0.10309985,0.0,0.0,2,3,0,0,0,0
3,6,black,Black,1.485,-1.515,0.1599062,0.6644058,-0.31379828,0.7264616,0.0,0.0,0,3,0,0,0,0
4,6,black,Black,1.485,-1.515,-0.3601905,0.5893997,0.20473845,0.86784047,0.0,0.0,0,3,0,0,0,0
5,6,black,Black,0.485,-0.515,0.26893654,0.00087898393,0.61017656,0.028623164,0.0,0.0,2,3,0,0,0,0
6,6,black,Black,0.985,-1.015,-0.21657588,0.10841214,0.18771286,0.2727678,0.0,0.0,1,3,0,0,0,0
7,6,black,Black,0.985,-1.015,-0.3532573,0.08186739,-0.43422648,0.22330765,0.0,0.0,1,3,0,0,0,0
8,6,black,Black,1.485,-1.515,-0.21686877,0.33858392,0.5159665,0.41253677,0.0,0.0,0,3,0,0,0,0
9,6,black,Black,0.985,-1.015,0.29763916,0.03740217,0.35878325,0.15267067,0.0,0.0,1,3,0,0,0,0
10,6,black,Black,0.985,-1.015,-0.0034946203,0.0237244,0.9293828,0.05685916,0.0,0.0,1,3,0,0,0,0
11,6,black,Black,1.485,-1.515,-0.74042016,0.18841577,-0.3184012,0.28435293,0.0,0.0,0,3,0,0,0,0
12,6,black,Black,0.485,-0.515,-0.62029934,0.061364487,0.52983356,0.014453832,0.0,0.0,2,3,0,0,0,0
13,6,black,Black,0.985,-1.015,-0.16449255,0.00070028147,0.689481,0.05828243,0.0,0.0,1,3,0,0,0,0
14,6,black,Black,0.985,-1.015,-0.008848906,0.002671248,0.032405782,0.038952544,0.0,0.0,1,3,0,0,0,0
15,6,black,Black,0.985,-1.015,0.2965691,0.0018298248,-1.26294,0.0041016294,0.0,0.0,1,3,0,0,0,0
16,6,black,Black,0.985,-1.015,-0.32034317,0.00786934,0.3035188,0.0033861734,0.0,0.0,1,3,0,0,0,0
17,6,black,Black,0.985,-1.015,-0.2081631,0.011443999,0.30827978,0.012994436,0.0,0.0,1,3,0,0,0,0
18,6,black,Black,0.985,-1.015,0.97082645,0.0019929616,1.6409341,0.0022546214,0.0,0.0,1,3,0,0,0,0
19,6,black,Black,0.485,-0.515,-0.30821788,0.19875222,0.47000608,0.13718794,0.0,0.0,2,3,0,0,0,0
20,6,black,Black,0.485,-0.515,-0.58897144,0.12824087,0.36695337,0.13586612,0.0,0.0,2,3,0,0,0,0
21,6,black,Black,0.485,-0.515,-0.26493862,0.1217433,2.124366,0.104545124,0.0,0.0,2,3,0,0,0,0
22,6,black,Black,0.985,-1.015,-0.6557282,0.004663664,0.28411698,0.0072679347,0.0,0.0,1,3,0,0,0,0
23,6,black,Black,0.985,-1.015,-0.2793203,0.009167827,-0.034531314,0.024405167,0.0,0.0,1,3,0,0,0,0
24,6,black,Black,1.485,-1.515,-0.5450088,0.07746084,0.3243395,0.09901782,0.0,0.0,0,3,0,0,0,0
25,6,black,Black,0.985,-1.015,-0.3751736,0.0028645194,-0.6408883,0.0077944286,0.0,0.0,1,3,0,0,0,0
26,6,black,Black,0.985,-1.015,-0.16458626,0.0058973315,0.08359703,0.011648708,0.0,0.0,1,3,0,0,0,0
27,5,black,Black,1.485,-1.01,-0.013123791,0.08648267,0.13782752,0.016050048,0.0,0.0,1,2,1,0,0,0
28,6,black,Black,0.985,-1.015,-0.15122382,0.0060052183,0.6884416,0.008004718,0.0,0.0,1,3,0,0,0,0
29,6,black,Black,0.985,-1.015,0.8155424,0.003788596,-0.066857494,0.00082231016,0.0,0.0,1,3,0,0,0,0
30,6,black,Black,0.985,-1.015,0.35297307,0.0038072004,0.6843591,0.0044638566,0.0,0.0,1,3,0,0,0,0
31,6,black,Black,0.985,-1.015,-0.89639693,0.0043760417,1.007528,0.0048448904,0.0,0.0,1,3,0,0,0,0
32,6,black,Black,0.485,-0.515,0.08468709,0.15365101,0.8278553,0.16467278,0.0,0.0,2,3,0,0,0,0
33,6,black,Black,0.485,-0.515,-0.014830033,0.12105862,0.3276334,0.10690936,0.0,0.0,2,3,0,0,0,0
34,6,black,Black,0.985,-1.015,0.6670541,0.006284285,-0.047368426,0.0030944075,0.0,0.0,1,3,0,0,0,0
35,6,black,Black,0.985,-1.015,0.063014895,0.009973826,-0.0927166,0.0042418805,0.0,0.0,1,3,0,0,0,0
36,6,black,Black,0.985,-1.015,-0.28600234,0.0019156315,0.22362816,0.0019213572,0.0,0.0,1,3,0,0,0,0
37,6,black,Black,1.485,-1.515,0.25208604,0.112387754,0.31478468,0.09231633,0.0,0.0,0,3,0,0,0,0
38,6,black,Black,0.985,-1.015,0.03580323,0.012817477,-0.88883877,0.008109947,0.0,0.0,1,3,0,0,0,0
39,6,black,Black,0.485,-0.515,-1.4918362,0.054415394,-0.41398704,0.053218458,0.0,0.0,2,3,0,0,0,0
40,6,black,Black,0.985,-1.015,-0.13540693,0.00064021494,-0.28635013,0.00027414536,0.0,0.0,1,3,0,0,0,0
41,6,black,Black,0.985,-1.015,0.60500056,0.0017931098,0.31490794,0.004185045,0.0,0.0,1,3,0,0,0,0
42,6,black,Black,1.085,-1.015,-0.6367791,0.0050129313,-0.13516553,0.00041539525,0.0,0.0,1,3,0,0,1,0
43,6,black,Black,0.985,-1.015,-0.05328907,0.0014918895,0.15872546,0.0011722307,0.0,0.0,1,3,0,0,0,0
44,6,black,Black,0.985,-1.015,0.1296875,0.009282258,1.4170583,0.0023149615,0.0,0.0,1,3,0,0,0,0
45,6,black,Black,0.985,-1.015,0.38595024,0.0024319813,-0.69118214,0.0043004286,0.0,0.0,1,3,0,0,0,0
46,6,black,Black,1.485,-1.515,-0.7165227,0.121384166,-0.28064284,0.10139569,0.0,0.0,0,3,0,0,0,0
47,6,black,Black,0.485,-0.515,0.19716685,0.08803915,0.550154,0.069097325,0.0,0.0,2,3,0,0,0,0
48,6,black,Black,1.485,-1.515,-0.6204582,0.11325896,-0.82658774,0.08468751,0.0,0.0,0,3,0,0,0,0
49,6,black,Black,0.985,-1.015,-0.19148733,0.00069935963,0.112846136,0.0017130409,0.0,0.0,1,3,0,0,0,0
50,6,black,Black,1.485,-1.515,-0.3134285,0.1066008,0.6189086,0.12271587,0.0,0.0,0,3,0,0,0,0
51,6,black,Black,0.485,-0.515,-0.21797033,0.06309486,-0.3282765,0.021460563,0.0,0.0,2,3,0,0,0,0
52,6,black,Black,0.985,-1.015,-0.3053291,0.0061469073,0.5512808,0.000133383,0.0,0.0,1,3,0,0,0,0
53,6,black,Black,0.485,-0.515,-1.1840593,0.114584625,0.048872154,0.073124625,0.0,0.0,2,3,0,0,0,0
54,6,black,Black,0.485,-0.515,-0.32228655,0.13803208,-1.3966523,0.0978986,0.0,0.0,2,3,0,0,0,0
55,6,black,Black,1.485,-1.515,0.7892781,0.09673036,0.10278586,0.05172004,0.0,0.0,0,3,0,0,0,0
56,6,black,Black,1.485,-1.515,-0.3545557,0.09910688,1.007958,0.11199213,0.0,0.0,0,3,0,0,0,0
57,6,black,Black,1.485,-1.515,-0.23825939,0.08945113,0.047970373,0.07349879,0.0,0.0,0,3,0,0,0,0
58,6,black,Black,0.985,-1.015,-0.052085202,0.007615762,0.76873237,0.0040280097,0.0,0.0,1,3,0,0,0,0
59,6,black,Black,0.985,-1.015,-0.56254685,0.002100682,0.003966274,0.0032195598,0.0,0.0,1,3,0,0,0,0
60,6,black,Black,0.985,-1.015,-0.14999746,0.0098928735,0.45887265,0.0032826962,0.0,0.0,1,3,0,0,0,0
61,6,black,Black,0.985,-1.015,-0.9107221,0.0114169875,0.29584718,0.004068673,0.0,0.0,1,3,0,0,0,0
62,6,black,Black,0.985,-1.015,0.17200892,0.008738781,0.45211577,0.02867417,0.0,0.0,1,3,0,0,0,0
63,6,black,Black,1.485,-1.515,-0.07450061,0.07592883,-0.15628476,0.06954544,0.0,0.0,0,3,0,0,0,0
64,6,black,Black,0.985,-1.015,-1.1050029,0.010696557,0.5714243,0.009932485,0.0,0.0,1,3,0,0,0,0
65,6,black,Black,0.985,-1.015,-0.47424898,0.005067386,-0.49391103,0.0065594413,0.0,0.0,1,3,0,0,0,0
66,6,black,Black,0.985,-1.015,0.3421425,0.008054569,-0.39750326,0.028478635,0.0,0.0,1,3,0,0,0,0
67,6,black,Black,1.485,-1.515,0.06139213,0.064596646,-0.09456471,0.020449467,0.0,0.0,0,3,0,0,0,0
68,8,black,Black,0.98,-1.02,-0.104847364,0.0054538064,1.3143818,0.0230134,0.0,0.0,1,3,0,0,0,0
69,6,black,Black,0.985,-1.015,0.08217633,0.015528754,0.40290418,0.011012903,0.0,0.0,1,3,0,0,0,0
70,6,black,Black,0.985,-1.015,0.61265653,0.004776413,0.2310195,0.006044079,0.0,0.0,1,3,0,0,0,0
71,6,black,Black,0.485,-0.515,0.5851058,0.13557523,1.211521,0.10712125,0.0,0.0,2,3,0,0,0,0
72,6,black,Black,0.985,-1.015,0.31905392,0.012089305,-0.5507478,0.01203929,0.0,0.0,1,3,0,0,0,0
73,6,black,Black,0.485,-0.515,-0.19564629,0.06948836,0.12990107,0.0135400845,0.0,0.0,2,3,0,0,0,0
74,6,black,Black,0.985,-1.015,0.01506412,0.008140557,0.26835418,0.0067643565,0.0,0.0,1,3,0,0,0,0
75,6,black,Black,0.985,-1.015,-0.3091774,0.0020247132,1.0541694,0.0024816308,0.0,0.0,1,3,0,0,0,0
76,6,black,Black,0.985,-1.015,0.7363725,0.0021202993,0.24123777,0.0035622467,0.0,0.0,1,3,0,0,0,0
77,6,black,Black,0.985,-1.015,-0.35277924,0.005212625,0.80157757,0.0021798844,0.0,0.0,1,3,0,0,0,0
78,6,black,Black,0.985,-1.015,-0.76113534,0.015978359,1.0137825,0.0042967424,0.0,0.0,1,3,0,0,0,0
79,6,black,Black,0.985,-1.015,0.7324582,0.0027994486,0.5261258,0.006870113,0.0,0.0,1,3,0,0,0,0
80,6,black,Black,0.985,-1.015,0.23165102,0.002223499,0.42808047,0.0037026436,0.0,0.0,1,3,0,0,0,0
81,6,black,Black,1.485,-1.515,0.6821034,0.114699356,-0.08788959,0.0845659,0.0,0.0,0,3,0,0,0,0
82,6,black,Black,0.985,-1.015,-0.4801058,0.0043534795,-1.2221109,0.00739174,0.0,0.0,1,3,0,0,0,0
83,6,black,Black,1.485,-1.015,-0.6463585,0.08734188,1.7734555,0.01022896,0.0,0.0,1,2,1,0,0,0
84,6,black,Black,0.985,-1.015,-1.136807,0.00021670859,-0.5282369,0.0034853423,0.0,0.0,1,3,0,0,0,0
85,6,black,Black,0.985,-1.015,0.935802,0.00018771585,0.47696432,0.009871279,0.0,0.0,1,3,0,0,0,0
86,6,black,Black,0.985,-1.015,0.32101765,0.0018513958,-0.14143336,0.0053653717,0.0,0.0,1,3,0,0,0,0
87,8,black,Black,0.98,-1.02,-0.14854223,0.0091708265,1.0347135,0.022389457,0.0,0.0,1,3,0,0,0,0
88,6,black,Black,0.985,-1.015,0.211008,0.004650044,-0.7707422,0.012159615,0.0,0.0,1,3,0,0,0,0
89,6,black,Black,0.985,-1.015,0.19251442,0.006460709,-0.015236735,0.006268412,0.0,0.0,1,3,0,0,0,0
90,6,black,Black,0.485,-0.515,-0.8543575,0.0581786,-0.100836,0.00819137,0.0,0.0,2,3,0,0,0,0
91,6,black,Black,0.985,-1.015,-0.20908351,0.0120966,0.7271168,0.0034621197,0.0,0.0,1,3,0,0,0,0
92,6,black,Black,0.985,-1.015,-0.45068225,0.010807875,-0.056830287,0.017904168,0.0,0.0,1,3,0,0,0,0
93,6,black,Black,1.085,-1.015,-0.15018316,0.0042671897,-0.5160131,0.0049143233,0.0,0.0,1,3,0,0,1,0
94,6,black,Black,0.985,-1.015,-0.59074825,0.015158144,-0.72889227,0.014821955,0.0,0.0,1,3,0,0,0,0
95,6,black,Black,0.485,-0.515,0.11762742,0.1087509,0.7792421,0.053852554,0.0,0.0,2,3,0,0,0,0
96,6,black,Black,0.985,-1.015,0.034592707,0.0007351139,1.3168155,0.0051840506,0.0,0.0,1,3,0,0,0,0
97,6,black,Black,0.985,-1.015,-0.21954387,0.013713031,-0.36803904,0.013653596,0.0,0.0,1,3,0,0,0,0
98,6,black,Black,0.985,-1.015,0.234731,0.00026076965,0.20358174,0.00032842843,0.0,0.0,1,3,0,0,0,0
99,6,black,Black,0.985,-1.015,-0.20560068,0.009554429,0.098186456,0.000552072,0.0,0.0,1,3,0,0,0,0
100,6,black,Black,0.985,-1.015,0.3085642,0.00027244518,-0.12253686,0.0004278725,0.0,0.0,1,3,0,0,0,0
101,6,black,Black,1.485,-1.515,0.26551056,0.11859209,-0.50707614,0.084463865,0.0,0.0,0,3,0,0,0,0
102,6,black,Black,0.985,-1.015,0.31066275,0.0020907426,0.17027807,0.0015790662,0.0,0.0,1,3,0,0,0,0
103,6,black,Black,0.985,-1.015,0.24026716,0.0010366122,0.78030807,0.005648576,0.0,0.0,1,3,0,0,0,0
104,6,black,Black,1.485,-1.515,0.8251379,0.108902745,-0.37641588,0.07085374,0.0,0.0,0,3,0,0,0,0
105,6,black,Black,0.985,-1.015,0.036889482,0.001269226,-0.14636342,0.00093877065,0.0,0.0,1,3,0,0,0,0
106,6,black,Black,1.485,-1.515,0.08058306,0.082048945,0.7474622,0.068001665,0.0,0.0,0,3,0,0,0,0
107,6,black,Black,0.985,-1.015,0.7431732,0.001267369,-1.1456743,0.008409991,0.0,0.0,1,3,0,0,0,0
108,6,black,Black,0.985,-1.015,-0.17219321,0.009427915,-0.3383064,0.014368907,0.0,0.0,1,3,0,0,0,0
109,6,black,Black,0.985,-1.015,-0.05179139,0.01209683,-0.16379686,0.013487328,0.0,0.0,1,3,0,0,0,0
110,6,black,Black,0.985,-1.015,-0.87141174,0.0038876364,1.1860274,0.0040934654,0.0,0.0,1,3,0,0,0,0
111,6,black,Black,0.985,-1.015,0.31930533,0.0094131855,0.6397314,0.0027577002,0.0,0.0,1,3,0,0,0,0
112,8,black,Black,1.48,-1.52,-0.957163,0.046681385,-0.040495932,0.028134186,0.0,0.0,0,3,0,0,0,0
113,6,black,Black,0.985,-1.015,0.049619436,0.010492228,0.055543423,0.013825994,0.0,0.0,1,3,0,0,0,0
114,6,black,Black,1.485,-1.515,-0.35954824,0.060898636,-0.5486611,0.039997637,0.0,0.0,0,3,0,0,0,0
115,6,black,Black,0.985,-1.015,0.42087147,0.0109187635,0.33858594,0.005592698,0.0,0.0,1,3,0,0,0,0
116,6,black,Black,0.985,-1.015,-0.16572607,0.011464082,0.45075437,0.008541257,0.0,0.0,1,3,0,0,0,0
117,6,black,Black,0.985,-1.015,-0.27627656,0.010839955,0.4414533,0.0064328895,0.0,0.0,1,3,0,0,0,0
118,6,black,Black,0.985,-1.015,0.18711467,0.012991968,-1.383026,0.013919785,0.0,0.0,1,3,0,0,0,0
119,6,black,Black,0.985,-1.015,-0.050035596,0.022713577,0.34373903,0.02232065,0.0,0.0,1,3,0,0,0,0
120,6,black,Black,0.985,-1.015,-0.3433064,0.017441217,0.40710497,0.021575408,0.0,0.0,1,3,0,0,0,0
121,6,black,Black,0.985,-1.015,-1.0863229,0.00486206,-1.0029496,0.0037768458,0.0,0.0,1,3,0,0,0,0
122,6,black,Black,0.985,-1.015,-0.66648227,0.015206379,0.6073963,0.008836186,0.0,0.0,1,3,0,0,0,0
123,6,black,Black,0.985,-1.015,-0.30321124,0.010218478,0.38983747,0.0058975867,0.0,0.0,1,3,0,0,0,0
124,6,black,Black,0.985,-1.015,0.5886786,0.006495355,0.13719301,0.01422985,0.0,0.0,1,3,0,0,0,0
125,6,black,Black,0.985,-1.015,-0.22970556,0.003139638,0.20468879,0.005549105,0.0,0.0,1,3,0,0,0,0
126,6,black,Black,1.485,-1.515,-0.08924361,0.08063262,-0.7880971,0.052409653,0.0,0.0,0,3,0,0,0,0
127,6,black,Black,0.985,-1.015,-0.38301587,0.0014550999,1.3502804,0.00062777905,0.0,0.0,1,3,0,0,0,0
128,6,black,Black,0.985,-1.015,0.56084883,0.0051404047,-0.081561126,0.00093943224,0.0,0.0,1,3,0,0,0,0
129,6,black,Black,1.485,-1.515,-0.7106826,0.103814386,-0.34088197,0.07683301,0.0,0.0,0,3,0,0,0,0
130,6,black,Black,0.985,-1.015,0.14454322,0.0027509453,0.24647482,0.002996811,0.0,0.0,1,3,0,0,0,0
131,6,black,Black,0.985,-1.015,0.11323909,0.001790898,0.37422982,0.004378496,0.0,0.0,1,3,0,0,0,0
132,6,black,Black,0.985,-1.015,-0.5879503,0.0016067503,0.0387971,0.002612123,0.0,0.0,1,3,0,0,0,0
133,6,black,Black,0.985,-1.015,-1.1746634,0.0041233283,0.64876837,0.006723858,0.0,0.0,1,3,0,0,0,0
134,6,black,Black,0.985,-1.015,-0.024810433,0.003192693,0.10219272,0.0009251313,0.0,0.0,1,3,0,0,0,0
135,6,black,Black,0.985,-1.015,-0.42351258,0.001813532,0.27314687,0.005940325,0.0,0.0,1,3,0,0,0,0
136,6,black,Black,1.485,-1.515,-0.6443655,0.091453455,-0.65453815,0.068482496,0.0,0.0,0,3,0,0,0,0
137,6,black,Black,1.485,-1.515,0.39374605,0.099943615,-1.3535181,0.0695815,0.0,0.0,0,3,0,0,0,0
138,6,black,Black,1.485,-1.515,0.5472681,0.09256955,1.3790287,0.06695849,0.0,0.0,0,3,0,0,0,0
139,6,black,Black,1.485,-1.515,-0.4755133,0.07204553,-0.67112255,0.055011626,0.0,0.0,0,3,0,0,0,0
140,6,black,Black,1.485,-1.515,0.26468194,0.06927981,-0.34011522,0.041252125,0.0,0.0,0,3,0,0,0,0
141,6,black,Black,0.985,-1.015,-0.018544456,0.012631838,0.78294057,0.014189783,0.0,0.0,1,3,0,0,0,0
142,6,black,Black,1.485,-1.515,0.068995036,0.034560036,0.29621112,0.0183764,0.0,0.0,0,3,0,0,0,0
143,6,black,Black,1.485,-1.515,0.043012083,0.03053577,-0.5329966,0.013929576,0.0,0.0,0,3,0,0,0,0
144,6,black,Black,0.985,-1.015,-0.60492134,0.046866536,0.2919751,0.040132914,0.0,0.0,1,3,0,0,0,0
145,6,black,Black,0.985,-1.015,-0.10178343,0.031058962,-0.15342318,0.022200061,0.0,0.0,1,3,0,0,0,0
146,6,black,Black,0.985,-1.015,-0.11778408,0.05639109,0.4651909,0.051417157,0.0,0.0,1,3,0,0,0,0
147,6,black,Black,1.585,-1.515,-0.11213108,0.030889446,-0.85377026,0.007861701,0.0,0.0,0,3,0,0,1,0
148,6,black,Black,1.585,-1.515,-0.2586745,0.023492014,-1.2875284,0.007640773,0.0,0.0,0,3,0,0,1,0
149,6,black,Black,0.985,-1.015,0.8254228,0.051297203,0.5535759,0.030838765,0.0,0.0,1,3,0,0,0,0
150,6,black,Black,0.985,-1.015,0.82254666,0.05578969,0.80314374,0.027150422,0.0,0.0,1,3,0,0,0,0
151,6,black,Black,0.985,-1.015,-0.10601485,0.07516173,-0.3210411,0.050917804,0.0,0.0,1,3,0,0,0,0
152,5,black,Black,1.985,-1.51,0.4064623,0.19117571,-0.12572557,0.0076156342,0.0,0.0,0,2,1,0,0,0
153,6,black,Black,0.985,-1.015,1.0501794,0.042333405,0.60376126,0.015708698,0.0,0.0,1,3,0,0,0,0
154,6,black,Black,0.985,-1.015,-1.2663912,0.041165978,-0.1088115,0.01854569,0.0,0.0,1,3,0,0,0,0
155,6,black,Black,0.985,-1.015,0.020771503,0.06775252,0.33806166,0.03697561,0.0,0.0,1,3,0,0,0,0
156,6,black,Black,0.985,-1.015,1.7747732,0.03215871,-0.16205996,0.009060402,0.0,0.0,1,3,0,0,0,0
157,6,black,Black,0.985,-1.015,-0.3455983,0.045458883,0.56858987,0.030215284,0.0,0.0,1,3,0,0,0,0
158,6,black,Black,0.985,-1.015,-0.18948305,0.03489675,0.0877049,0.021061974,0.0,0.0,1,3,0,0,0,0
159,6,black,Black,1.485,-1.515,0.40536085,0.02698996,-0.99168175,0.037869178,0.0,0.0,0,3,0,0,0,0
160,6,black,Black,0.985,-1.015,-0.026065111,0.013914623,0.9953902,0.0048759924,0.0,0.0,1,3,0,0,0,0
161,6,black,Black,1.485,-1.515,-0.025650322,0.04671363,-0.096779145,0.033369537,0.0,0.0,0,3,0,0,0,0
162,6,black,Black,0.985,-1.015,-0.8262608,0.008853238,0.34851685,0.0057298243,0.0,0.0,1,3,0,0,0,0
163,4,black,Black,2.09,-1.51,0.3206362,0.45592114,0.07066715,0.048606694,0.0,0.0,0,2,1,0,1,0
164,6,black,Black,1.485,-1.515,0.032841522,0.052590076,-0.49058715,0.041132677,0.0,0.0,0,3,0,0,0,0
165,6,black,Black,0.985,-1.015,-0.21488471,0.007948079,0.16852002,0.0069730817,0.0,0.0,1,3,0,0,0,0
166,6,black,Black,1.485,-1.515,0.2332763,0.061027374,-0.77660537,0.03426633,0.0,0.0,0,3,0,0,0,0
167,6,black,Black,0.985,-1.015,-0.562771,0.011683072,-0.18001957,0.011696779,0.0,0.0,1,3,0,0,0,0
168,6,black,Black,0.985,-1.015,-0.19671543,0.009323411,2.1635485,0.006237998,0.0,0.0,1,3,0,0,0,0
169,6,black,Black,0.985,-1.015,-0.17682898,0.02270104,1.0026599,0.019023357,0.0,0.0,1,3,0,0,0,0
170,6,black,Black,0.985,-1.015,0.079916835,0.015561362,1.2765447,0.019546231,0.0,0.0,1,3,0,0,0,0
171,6,black,Black,1.485,-1.515,0.41028407,0.0466128,-0.9059853,0.02911111,0.0,0.0,0,3,0,0,0,0
172,6,black,Black,0.985,-1.015,-0.12574278,0.019534511,1.0357584,0.014411711,0.0,0.0,1,3,0,0,0,0
173,6,black,Black,0.985,-1.015,-0.7585182,0.011607338,-0.029253641,0.0043851375,0.0,0.0,1,3,0,0,0,0
174,5,black,Black,1.985,-1.51,-1.0875415,0.32217625,-0.21263605,0.03660444,0.0,0.0,0,2,1,0,0,0
175,6,black,Black,0.985,-1.015,-1.676967,0.008816009,-0.02884672,0.0055979453,0.0,0.0,1,3,0,0,0,0
176,6,black,Black,1.485,-1.515,-0.8664505,0.046235904,-0.68732005,0.027741335,0.0,0.0,0,3,0,0,0,0
177,6,black,Black,1.485,-1.515,0.42820716,0.05316167,-0.41122866,0.015947739,0.0,0.0,0,3,0,0,0,0
178,5,black,Black,1.985,-1.51,0.16916315,0.2935382,0.24347395,0.025500461,0.0,0.0,0,2,1,0,0,0
179,6,black,Black,0.485,-0.515,-0.5683625,0.20772707,0.6626117,0.13070782,0.0,0.0,2,3,0,0,0,0
180,6,black,Black,0.485,-0.515,0.1947459,0.21954386,0.7724754,0.12764883,0.0,0.0,2,3,0,0,0,0
181,6,black,Black,1.485,-1.515,-0.23128767,0.025003767,-0.6236587,0.017875388,0.0,0.0,0,3,0,0,0,0
182,6,black,Black,0.985,-1.015,-0.031051278,0.040237173,0.37248552,0.022263976,0.0,0.0,1,3,0,0,0,0
183,6,black,Black,0.985,-1.015,-0.40632498,0.037443966,0.35772768,0.023791784,0.0,0.0,1,3,0,0,0,0
184,6,black,Black,0.985,-1.015,-0.3142334,0.04231052,0.8416395,0.02344788,0.0,0.0,1,3,0,0,0,0
185,6,black,Black,1.485,-1.515,-0.14594488,0.030499205,-0.3772007,0.018162712,0.0,0.0,0,3,0,0,0,0
186,6,black,Black,0.985,-1.015,0.9258658,0.024885587,0.5645377,0.019172436,0.0,0.0,1,3,0,0,0,0
187,6,black,Black,0.985,-1.015,0.64035434,0.025677472,0.5720589,0.012633582,0.0,0.0,1,3,0,0,0,0
188,6,black,Black,0.985,-1.015,0.07495407,0.0276698,0.31700078,0.029520683,0.0,0.0,1,3,0,0,0,0
189,6,black,Black,0.985,-1.015,0.04941523,0.020391865,0.42642936,0.010089702,0.0,0.0,1,3,0,0,0,0
190,6,black,Black,0.985,-1.015,0.08862257,0.011303362,0.91692716,0.012858365,0.0,0.0,1,3,0,0,0,0
191,6,black,Black,0.985,-1.015,-0.6637244,0.013272586,-0.85697204,0.008052483,0.0,0.0,1,3,0,0,0,0
192,6,black,Black,1.485,-1.515,0.030544063,0.06558524,-0.43162608,0.05116172,0.0,0.0,0,3,0,0,0,0
193,6,black,Black,0.985,-1.015,-0.029741904,0.003981344,0.041663688,0.012845904,0.0,0.0,1,3,0,0,0,0
194,6,black,Black,0.985,-1.015,0.081380785,0.0064775734,-1.4114527,0.0049303756,0.0,0.0,1,3,0,0,0,0
195,6,black,Black,1.085,-1.015,-0.6029219,0.003106437,0.48170376,0.0066960324,0.0,0.0,1,3,0,0,1,0
196,6,black,Black,1.485,-1.515,0.17497134,0.0911631,-0.7781907,0.05112329,0.0,0.0,0,3,0,0,0,0
197,6,black,Black,1.485,-1.515,-1.261246,0.08820487,-0.63175684,0.060367215,0.0,0.0,0,3,0,0,0,0
198,8,black,Black,1.48,-1.52,0.3442527,0.091159716,-0.6919155,0.07109853,0.0,0.0,0,3,0,0,0,0
199,6,black,Black,1.485,-1.515,-0.6284613,0.094499074,-0.7825331,0.057615727,0.0,0.0,0,3,0,0,0,0
200,6,black,Black,1.485,-1.515,0.60152984,0.07504935,-0.2827895,0.03700554,0.0,0.0,0,3,0,0,0,0
201,6,black,Black,1.485,-1.515,-0.47641292,0.076322414,1.4094834,0.046918467,0.0,0.0,0,3,0,0,0,0
202,6,black,Black,0.985,-1.015,-0.3165923,0.0106157735,-0.3658363,0.009583288,0.0,0.0,1,3,0,0,0,0
203,6,black,Black,0.985,-1.015,-0.3275886,0.025493676,0.21404533,0.019683698,0.0,0.0,1,3,0,0,0,0
204,6,black,Black,1.485,-1.515,0.4630407,0.034189858,-0.30335847,0.01917353,0.0,0.0,0,3,0,0,0,0
205,6,black,Black,1.485,-1.515,-0.027230313,0.02562476,-0.34283718,0.01752894,0.0,0.0,0,3,0,0,0,0
206,6,black,Black,0.985,-1.015,1.0067818,0.03284598,-0.07210096,0.025203997,0.0,0.0,1,3,0,0,0,0
207,6,black,Black,0.985,-1.015,-0.3119799,0.0492301,-0.36373422,0.047643837,0.0,0.0,1,3,0,0,0,0
208,6,black,Black,0.985,-1.015,0.5195401,0.048964266,0.41666493,0.04078919,0.0,0.0,1,3,0,0,0,0
209,6,black,Black,0.985,-1.015,2.1268713,0.044741243,0.046749353,0.049278583,0.0,0.0,1,3,0,0,0,0
210,6,black,Black,1.485,-1.515,-0.12793536,0.01571943,-0.30744925,0.008002866,0.0,0.0,0,3,0,0,0,0
211,6,black,Black,0.985,-1.015,-0.2885278,0.02847792,0.37121853,0.01249405,0.0,0.0,1,3,0,0,0,0
212,4,black,Black,1.99,-1.51,0.20274986,0.2587936,0.12056148,0.015348565,0.0,0.0,0,2,1,0,0,0
213,6,black,Black,1.485,-1.515,-0.3488352,0.019543039,-0.14009134,0.011125387,0.0,0.0,0,3,0,0,0,0
214,6,black,Black,0.985,-1.015,0.21240272,0.05694586,0.16876142,0.027154364,0.0,0.0,1,3,0,0,0,0
215,6,black,Black,1.585,-1.515,0.2925385,0.040749118,-0.30758873,0.0112654865,0.0,0.0,0,3,0,0,1,0
216,6,black,Black,1.085,-1.015,0.6319212,0.03474635,0.40843096,0.030499207,0.0,0.0,1,3,0,0,1,0
217,6,black,Black,0.985,-1.015,0.0075260275,0.039326463,1.5083419,0.009599342,0.0,0.0,1,3,0,0,0,0
218,6,black,Black,1.485,-1.515,-0.1527375,0.011968139,0.39781418,0.013721839,0.0,0.0,0,3,0,0,0,0
219,6,black,Black,0.985,-1.015,-0.37198964,0.05177897,0.42961106,0.023124091,0.0,0.0,1,3,0,0,0,0
220,6,black,Black,1.485,-1.515,0.1888439,0.014066231,-0.9286782,0.022527756,0.0,0.0,0,3,0,0,0,0
221,8,black,Black,1.48,-1.52,-0.40308994,0.012715086,-0.93813694,0.022381395,0.0,0.0,0,3,0,0,0,0
222,6,black,Black,1.485,-1.515,0.7473088,0.023306087,-0.5422249,0.013727195,0.0,0.0,0,3,0,0,0,0
223,6,black,Black,1.485,-1.515,0.039636407,0.01846015,-0.29213154,0.017213346,0.0,0.0,0,3,0,0,0,0
224,6,black,Black,0.985,-1.015,-0.7257975,0.038362756,-0.25733808,0.01938765,0.0,0.0,1,3,0,0,0,0
225,6,black,Black,1.485,-1.515,-0.91799647,0.01384619,-1.3408991,0.015108895,0.0,0.0,0,3,0,0,0,0
226,6,black,Black,1.485,-1.515,0.41263404,0.011989872,-0.097303234,0.013500101,0.0,0.0,0,3,0,0,0,0
227,6,black,Black,1.485,-1.515,-0.17291617,0.016316308,-0.9285612,0.014558848,0.0,0.0,0,3,0,0,0,0
228,6,black,Black,1.485,-1.515,0.19003403,0.01509539,-0.88561505,0.013260197,0.0,0.0,0,3,0,0,0,0
229,6,black,Black,1.485,-1.515,-0.20486462,0.011630601,-0.06267432,0.0043674856,0.0,0.0,0,3,0,0,0,0
230,8,black,Black,1.48,-1.52,-0.30426827,0.003129391,-0.47732314,0.010838097,0.0,0.0,0,3,0,0,0,0
231,6,black,Black,1.485,-1.515,-0.08828481,0.0050048674,-0.94145936,0.0038417473,0.0,0.0,0,3,0,0,0,0
232,6,black,Black,1.485,-1.515,0.70382017,0.0017881369,-0.84858876,0.0030544254,0.0,0.0,0,3,0,0,0,0
233,6,black,Black,1.485,-1.515,-0.09013488,0.0011843106,-0.6162818,0.002318108,0.0,0.0,0,3,0,0,0,0
234,6,black,Black,1.485,-1.515,0.45182133,0.0010385423,-0.6545879,0.0034519853,0.0,0.0,0,3,0,0,0,0
235,6,black,Black,1.485,-1.515,-0.77418107,0.00030177904,0.06541777,0.0029230153,0.0,0.0,0,3,0,0,0,0
236,6,black,Black,1.485,-1.515,0.5455969,0.00019937415,-0.57456934,0.0035838315,0.0,0.0,0,3,0,0,0,0
237,6,black,Black,1.485,-1.515,-1.1073761,0.00015152448,-0.6266926,0.0011997254,0.0,0.0,0,3,0,0,0,0
238,6,black,Black,0.985,-1.015,0.6667829,0.12379215,0.9957202,0.09625668,0.0,0.0,1,3,0,0,0,0
239,6,black,Black,1.485,-1.515,-0.39392483,0.00010394846,-0.09855636,0.0012454996,0.0,0.0,0,3,0,0,0,0
240,6,black,Black,0.985,-1.015,-0.04741943,0.120500684,0.3556806,0.086218886,0.0,0.0,1,3,0,0,0,0
241,6,black,Black,1.485,-1.515,-0.6266555,0.00016156636,-0.606362,0.0009253165,0.0,0.0,0,3,0,0,0,0
242,6,black,Black,1.485,-1.515,-0.46425295,0.00015389184,-0.3614172,0.00093652215,0.0,0.0,0,3,0,0,0,0
243,6,black,Black,0.985,-1.015,0.3597181,0.12329408,0.8167036,0.07577521,0.0,0.0,1,3,0,0,0,0
244,6,black,Black,0.985,-1.015,0.6177012,0.108623445,-0.23237582,0.05999497,0.0,0.0,1,3,0,0,0,0
245,6,black,Black,1.485,-1.515,-0.3222357,0.0048316177,-0.06177044,0.0036456564,0.0,0.0,0,3,0,0,0,0
246,6,black,Black,1.485,-1.515,-0.009770791,0.0043999036,-0.52871585,0.0036188103,0.0,0.0,0,3,0,0,0,0
247,6,black,Black,1.485,-1.515,-0.7607824,0.004145794,-0.73687214,0.0069373436,0.0,0.0,0,3,0,0,0,0
248,6,black,Black,1.485,-1.515,-1.5180954,0.009058978,-0.5630259,0.0069696754,0.0,0.0,0,3,0,0,0,0
249,6,black,Black,1.485,-1.515,0.03461075,0.006069342,-0.83351594,0.0070671923,0.0,0.0,0,3,0,0,0,0
250,6,black,Black,1.485,-1.515,0.108859144,0.0077631664,0.33923098,0.007543961,0.0,0.0,0,3,0,0,0,0
251,6,black,Black,1.485,-1.515,-0.19792642,0.009811717,-0.28028488,0.012514365,0.0,0.0,0,3,0,0,0,0
252,6,black,Black,1.485,-1.515,0.35639247,0.007102262,0.37016162,0.008541417,0.0,0.0,0,3,0,0,0,0
253,6,black,Black,0.985,-1.015,0.15824749,0.06968973,0.6981659,0.04207554,0.0,0.0,1,3,0,0,0,0
254,6,black,Black,1.485,-1.515,-0.24953945,0.007056692,0.6433966,0.010621888,0.0,0.0,0,3,0,0,0,0
255,6,black,Black,1.485,-1.515,1.5214585,0.010619593,0.25136662,0.008938204,0.0,0.0,0,3,0,0,0,0
256,6,black,Black,0.985,-1.015,-0.25423452,0.065736644,-0.46256182,0.044775743,0.0,0.0,1,3,0,0,0,0
257,6,black,Black,1.485,-1.515,-0.2932045,0.011893767,-0.45661536,0.0042449995,0.0,0.0,0,3,0,0,0,0
258,6,black,Black,0.985,-1.015,0.10573576,0.05477147,1.0588506,0.040049594,0.0,0.0,1,3,0,0,0,0
259,6,black,Black,1.485,-1.515,0.17188819,0.009106547,-0.58009756,0.0076424745,0.0,0.0,0,3,0,0,0,0
260,6,black,Black,0.985,-1.015,-0.13651343,0.050044715,0.4456168,0.039792433,0.0,0.0,1,3,0,0,0,0
261,6,black,Black,0.985,-1.015,0.035500467,0.04566166,-0.01119562,0.031088712,0.0,0.0,1,3,0,0,0,0
262,6,black,Black,0.985,-1.015,-0.8031561,0.03880309,0.15306942,0.035675857,0.0,0.0,1,3,0,0,0,0
263,6,black,Black,1.485,-1.515,0.41430426,0.021407055,-0.47370943,0.014127973,0.0,0.0,0,3,0,0,0,0
264,6,black,Black,1.485,-1.515,-0.008711457,0.030474588,0.24662508,0.017516023,0.0,0.0,0,3,0,0,0,0
265,4,black,Black,1.99,-1.51,0.036578953,0.27984938,-0.25708658,0.01145312,0.0,0.0,0,2,1,0,0,0
266,6,black,Black,1.485,-1.515,0.025697231,0.026223889,-0.7308,0.014169153,0.0,0.0,0,3,0,0,0,0
267,5,black,Black,1.985,-1.51,0.7739145,0.2611904,1.5038943,0.02762598,0.0,0.0,0,2,1,0,0,0
268,6,black,Black,1.485,-1.515,0.27293256,0.023009242,-1.1976024,0.009499996,0.0,0.0,0,3,0,0,0,0
269,6,black,Black,1.485,-1.515,-0.24148895,0.014633839,-0.59173983,0.008433499,0.0,0.0,0,3,0,0,0,0
270,6,black,Black,1.485,-1.515,-0.98433477,0.01177093,-0.6610866,0.008004832,0.0,0.0,0,3,0,0,0,0
271,6,black,Black,1.485,-1.515,0.07336625,0.009717752,-1.0974411,0.004605256,0.0,0.0,0,3,0,0,0,0
272,6,black,Black,0.985,-1.015,-0.3689045,0.07170975,0.456156,0.055318866,0.0,0.0,1,3,0,0,0,0
273,6,black,Black,1.485,-1.515,0.5591958,0.011724885,-0.8373556,0.005280779,0.0,0.0,0,3,0,0,0,0
274,6,black,Black,0.985,-1.015,-0.46151316,0.07840999,0.66932696,0.05461369,0.0,0.0,1,3,0,0,0,0
275,6,black,Black,0.985,-1.015,0.06511269,0.055009935,0.11733476,0.023038058,0.0,0.0,1,3,0,0,0,0
276,6,black,Black,0.985,-1.015,0.23544669,0.078439236,0.06258011,0.050697803,0.0,0.0,1,3,0,0,0,0
277,6,black,Black,1.485,-1.515,-0.21553801,0.0055534556,-0.4462771,0.005156835,0.0,0.0,0,3,0,0,0,0
278,6,black,Black,1.485,-1.515,0.06516051,0.007660582,-0.06304184,0.0074319113,0.0,0.0,0,3,0,0,0,0
279,6,black,Black,1.485,-1.515,-0.12597306,0.0054375366,0.4939761,0.0035106263,0.0,0.0,0,3,0,0,0,0
280,6,black,Black,1.485,-1.515,-0.7784454,0.012222714,-0.5292061,0.010603455,0.0,0.0,0,3,0,0,0,0
281,6,black,Black,0.985,-1.015,-0.81671953,0.046855282,0.5199726,0.024252439,0.0,0.0,1,3,0,0,0,0
282,6,black,Black,1.485,-1.515,-0.49507824,0.009129047,-0.5250619,0.0044195615,0.0,0.0,0,3,0,0,0,0
283,6,black,Black,0.985,-1.015,-0.6004846,0.07227402,0.60231024,0.051456865,0.0,0.0,1,3,0,0,0,0
284,6,black,Black,1.485,-1.515,-0.16707873,0.010005794,0.0708712,0.0062702135,0.0,0.0,0,3,0,0,0,0
285,6,black,Black,1.485,-1.515,-0.3409103,0.01446861,-0.44585785,0.012152784,0.0,0.0,0,3,0,0,0,0
286,6,black,Black,1.485,-1.515,-1.0371395,0.009210636,-1.2950975,0.009330318,0.0,0.0,0,3,0,0,0,0
287,8,black,Black,1.48,-1.52,-0.60466135,0.0051987963,-1.8184645,0.0077860435,0.0,0.0,0,3,0,0,0,0
288,6,black,Black,1.485,-1.515,0.7721572,0.013798856,-0.1619519,0.00764198,0.0,0.0,0,3,0,0,0,0
289,6,black,Black,1.485,-1.515,0.015520345,0.010206579,-0.28470722,0.010099633,0.0,0.0,0,3,0,0,0,0
290,6,black,Black,1.485,-1.515,0.2049188,0.007399175,-0.81167585,0.004588485,0.0,0.0,0,3,0,0,0,0
291,6,black,Black,1.485,-1.515,-0.13856554,0.00417339,-0.8796406,0.0037019094,0.0,0.0,0,3,0,0,0,0
292,6,black,Black,0.985,-1.015,-0.51837516,0.04566239,0.3902186,0.0232713,0.0,0.0,1,3,0,0,0,0
293,8,black,Black,1.48,-1.52,-0.05376216,0.003911971,0.501078,0.003951234,0.0,0.0,0,3,0,0,0,0
294,6,black,Black,0.985,-1.015,-1.2166157,0.07688898,0.65294576,0.048146427,0.0,0.0,1,3,0,0,0,0
295,6,black,Black,0.985,-1.015,-0.3891729,0.04802284,0.19163072,0.025317742,0.0,0.0,1,3,0,0,0,0
296,6,black,Black,0.985,-1.015,-0.86634207,0.06887577,0.58692163,0.037079114,0.0,0.0,1,3,0,0,0,0
297,8,black,Black,0.98,-1.02,-0.26895177,0.053303506,0.93329513,0.033798493,0.0,0.0,1,3,0,0,0,0
298,6,black,Black,1.585,-1.515,0.26595056,0.025083937,-0.27299166,0.0074605695,0.0,0.0,0,3,0,0,1,0
299,6,black,Black,0.985,-1.015,-0.36930993,0.06381524,-0.019723335,0.036094714,0.0,0.0,1,3,0,0,0,0
300,6,black,Black,1.485,-1.515,0.55553013,0.0128442915,-0.822453,0.0121272355,0.0,0.0,0,3,0,0,0,0
301,6,black,Black,0.985,-1.015,-0.06119998,0.049434602,0.23087664,0.02453085,0.0,0.0,1,3,0,0,0,0
302,6,black,Black,1.485,-1.515,0.6246334,0.020344766,-0.2795961,0.019829333,0.0,0.0,0,3,0,0,0,0
303,6,black,Black,0.985,-1.015,0.44970694,0.018338645,0.107450746,0.013016935,0.0,0.0,1,3,0,0,0,0
304,6,black,Black,1.485,-1.515,0.34178266,0.026988836,-0.32889366,0.010620373,0.0,0.0,0,3,0,0,0,0
305,6,black,Black,1.485,-1.515,-0.2555696,0.03145341,-0.35013843,0.021771776,0.0,0.0,0,3,0,0,0,0
306,6,black,Black,0.985,-1.015,-0.07756718,0.026474416,0.6325112,0.01535305,0.0,0.0,1,3,0,0,0,0
307,6,black,Black,1.485,-1.515,-0.5559948,0.029422572,-0.5835468,0.015789863,0.0,0.0,0,3,0,0,0,0
308,6,black,Black,1.485,-1.515,0.67750543,0.035810076,-0.051350355,0.014753987,0.0,0.0,0,3,0,0,0,0
309,6,black,Black,1.485,-1.515,-0.39928946,0.034206968,-0.33320543,0.026326865,0.0,0.0,0,3,0,0,0,0
310,6,black,Black,1.485,-1.515,0.31083646,0.032036196,0.112517595,0.024882145,0.0,0.0,0,3,0,0,0,0
311,6,black,Black,1.185,-1.015,0.2895312,0.0032852525,-0.7008856,0.010715838,0.0,0.0,1,3,0,0,2,0
312,6,black,Black,1.485,-1.515,0.9795955,0.026894951,0.18987055,0.010974574,0.0,0.0,0,3,0,0,0,0
313,6,black,Black,1.485,-1.515,-0.2389139,0.018548688,-0.9126478,0.0064241416,0.0,0.0,0,3,0,0,0,0
314,6,black,Black,0.985,-1.015,-0.42394105,0.045719832,0.33530864,0.051512733,0.0,0.0,1,3,0,0,0,0
315,8,black,Black,0.48,-0.52,0.19128405,0.24255991,-0.37328118,0.13235313,0.0,0.0,2,3,0,0,0,0
316,8,black,Black,1.48,-1.52,0.34731504,0.010042239,-0.041708678,0.0071373796,0.0,0.0,0,3,0,0,0,0
317,6,black,Black,1.585,-1.515,0.14160483,0.030215142,0.33159164,0.0080474755,0.0,0.0,0,3,0,0,1,0
318,6,black,Black,1.485,-1.515,-0.11705359,0.009870693,-0.34249148,0.0067074024,0.0,0.0,0,3,0,0,0,0
319,6,black,Black,0.985,-1.015,0.28901836,0.054777235,0.429487,0.027722122,0.0,0.0,1,3,0,0,0,0
320,6,black,Black,1.485,-1.515,-0.3575604,0.012320075,-0.12167084,0.0060460153,0.0,0.0,0,3,0,0,0,0
321,6,black,Black,0.985,-1.015,-0.46120986,0.047930893,0.8969159,0.026300587,0.0,0.0,1,3,0,0,0,0
322,6,black,Black,1.485,-1.515,0.6510294,0.012281991,-0.5462316,0.019992776,0.0,0.0,0,3,0,0,0,0
323,6,black,Black,0.985,-1.015,-0.49961352,0.06047483,0.24641848,0.025161503,0.0,0.0,1,3,0,0,0,0
324,6,black,Black,1.485,-1.515,-0.34039405,0.015127652,-0.5477385,0.014825523,0.0,0.0,0,3,0,0,0,0
325,6,black,Black,0.985,-1.015,-0.6185101,0.05207342,1.7484592,0.020747274,0.0,0.0,1,3,0,0,0,0
326,6,black,Black,1.485,-1.515,1.0689086,0.009272781,-1.1094227,0.0062985257,0.0,0.0,0,3,0,0,0,0
327,6,black,Black,0.985,-1.015,-0.4893678,0.026836691,1.1934191,0.017034177,0.0,0.0,1,3,0,0,0,0
328,8,black,Black,0.98,-1.02,-0.1714585,0.024963554,-0.9668735,0.013133149,0.0,0.0,1,3,0,0,0,0
329,6,black,Black,0.985,-1.015,-0.28948674,0.024019174,-0.39278126,0.013097069,0.0,0.0,1,3,0,0,0,0
330,6,black,Black,1.485,-1.515,-0.0386132,0.01697539,-0.678132,0.0073612654,0.0,0.0,0,3,0,0,0,0
331,6,black,Black,1.485,-1.515,0.3106928,0.023748802,-0.85364145,0.022114644,0.0,0.0,0,3,0,0,0,0
332,6,black,Black,1.485,-1.515,0.28054985,0.027298287,-0.25376204,0.022451244,0.0,0.0,0,3,0,0,0,0
333,6,black,Black,1.485,-1.515,0.5901573,0.031210802,-0.8481882,0.03115084,0.0,0.0,0,3,0,0,0,0
334,6,black,Black,0.985,-1.015,0.5762058,0.034336388,0.62150186,0.022870116,0.0,0.0,1,3,0,0,0,0
335,6,black,Black,1.485,-1.515,-0.63813776,0.02536518,-0.8079006,0.016158303,0.0,0.0,0,3,0,0,0,0
336,6,black,Black,1.485,-1.515,-0.61609286,0.019767785,-0.0034323137,0.0075591193,0.0,0.0,0,3,0,0,0,0
337,6,black,Black,1.485,-1.515,0.41701886,0.015836058,0.20115346,0.007933485,0.0,0.0,0,3,0,0,0,0
338,6,black,Black,1.485,-1.515,-0.015055736,0.011635389,-0.07566396,0.004370663,0.0,0.0,0,3,0,0,0,0
339,6,black,Black,0.985,-1.015,-0.4497471,0.044313025,0.569473,0.03952087,0.0,0.0,1,3,0,0,0,0
340,6,black,Black,1.485,-1.515,0.69964075,0.010786553,-0.13142677,0.0040494143,0.0,0.0,0,3,0,0,0,0
341,6,black,Black,1.485,-1.515,0.6774006,0.013810918,-0.54021645,0.008492602,0.0,0.0,0,3,0,0,0,0
342,6,black,Black,0.985,-1.015,-0.5163395,0.042330876,1.4097891,0.024759168,0.0,0.0,1,3,0,0,0,0
343,6,black,Black,0.985,-1.015,-0.5232356,0.038896065,0.4693379,0.025128812,0.0,0.0,1,3,0,0,0,0
344,6,black,Black,1.485,-1.515,-0.15796582,0.0075217173,-0.26018718,0.0035653657,0.0,0.0,0,3,0,0,0,0
345,6,black,Black,1.485,-1.515,0.32324493,0.0059582368,-0.70866394,0.0031200584,0.0,0.0,0,3,0,0,0,0
346,6,black,Black,1.485,-1.515,0.199933,0.0076659885,-0.96597344,0.002940005,0.0,0.0,0,3,0,0,0,0
347,6,black,Black,0.985,-1.015,0.24538963,0.077321924,-0.3183541,0.061401486,0.0,0.0,1,3,0,0,0,0
348,8,black,Black,0.98,-1.02,-0.15178329,0.03296104,-0.16152377,0.018310651,0.0,0.0,1,3,0,0,0,0
349,6,black,Black,0.985,-1.015,-0.24516322,0.078469716,1.1641372,0.061322544,0.0,0.0,1,3,0,0,0,0
350,6,black,Black,0.985,-1.015,0.18883805,0.06845739,1.0191578,0.048400093,0.0,0.0,1,3,0,0,0,0
351,6,black,Black,1.485,-1.515,-0.758949,0.01359801,-0.4142584,0.0114195,0.0,0.0,0,3,0,0,0,0
352,6,black,Black,1.485,-1.515,-0.30825582,0.013819362,-0.8898098,0.011953075,0.0,0.0,0,3,0,0,0,0
353,6,black,Black,1.485,-1.515,-0.6444858,0.023862654,-0.36461028,0.018787121,0.0,0.0,0,3,0,0,0,0
354,6,black,Black,0.985,-1.015,-0.45607185,0.04710881,-0.35703704,0.026238574,0.0,0.0,1,3,0,0,0,0
355,6,black,Black,0.985,-1.015,-0.19825125,0.040713172,-1.137497,0.019490099,0.0,0.0,1,3,0,0,0,0
356,6,black,Black,0.985,-1.015,-1.119079,0.032381102,0.80509526,0.012768219,0.0,0.0,1,3,0,0,0,0
357,6,black,Black,1.485,-1.515,-0.33712777,0.034871846,-0.85893947,0.026035389,0.0,0.0,0,3,0,0,0,0
358,6,black,Black,1.485,-1.515,-0.6679608,0.041149694,0.02756548,0.024470335,0.0,0.0,0,3,0,0,0,0
359,6,black,Black,1.485,-1.515,-0.7482175,0.037842836,-0.52422017,0.030070229,0.0,0.0,0,3,0,0,0,0
360,6,black,Black,1.485,-1.515,0.2456646,0.036817506,-1.682119,0.019478464,0.0,0.0,0,3,0,0,0,0
361,6,black,Black,1.485,-1.515,1.0835079,0.03701574,-0.14599721,0.024542974,0.0,0.0,0,3,0,0,0,0
362,8,black,Black,0.98,-1.02,-0.7427021,0.009923638,-0.26558185,0.0022568577,0.0,0.0,1,3,0,0,0,0
363,6,black,Black,1.485,-1.515,-0.53034383,0.030621402,-0.23243015,0.020602705,0.0,0.0,0,3,0,0,0,0
364,6,black,Black,1.485,-1.515,-0.35278225,0.017883353,0.32093906,0.02358325,0.0,0.0,0,3,0,0,0,0
365,6,black,Black,1.485,-1.515,1.042709,0.022899179,-0.7788472,0.012570076,0.0,0.0,0,3,0,0,0,0
366,8,black,Black,0.48,-0.52,-1.1502492,0.17758252,0.57263124,0.11641748,0.0,0.0,2,3,0,0,0,0
367,6,black,Black,1.485,-1.515,0.21705918,0.014207109,-0.4929701,0.0066798315,0.0,0.0,0,3,0,0,0,0
368,6,black,Black,1.485,-1.515,1.2640405,0.008916005,0.19015686,0.011219808,0.0,0.0,0,3,0,0,0,0
369,6,black,Black,0.985,-1.015,1.084379,0.06615811,0.76476175,0.066186786,0.0,0.0,1,3,0,0,0,0
370,8,black,Black,1.48,-1.52,-0.19877598,0.0060736667,-1.411875,0.0047913752,0.0,0.0,0,3,0,0,0,0
371,6,black,Black,1.485,-1.515,0.058827315,0.006068817,-0.3133438,0.008789715,0.0,0.0,0,3,0,0,0,0
372,6,black,Black,0.985,-1.015,0.20891495,0.079519235,1.2057687,0.035663724,0.0,0.0,1,3,0,0,0,0
373,6,black,Black,1.485,-1.515,2.0609238,0.0047256188,0.6328986,0.011033953,0.0,0.0,0,3,0,0,0,0
374,6,black,Black,1.485,-1.515,0.25108436,0.009034167,-0.79595476,0.003267097,0.0,0.0,0,3,0,0,0,0
375,6,black,Black,1.485,-1.515,-0.49470934,0.0072933435,-0.69452304,0.00296575,0.0,0.0,0,3,0,0,0,0
376,6,black,Black,1.485,-1.515,-0.25076917,0.004494722,-0.15659498,0.0071422285,0.0,0.0,0,3,0,0,0,0
377,6,black,Black,0.985,-1.015,0.33596185,0.08168431,-0.3192774,0.041436393,0.0,0.0,1,3,0,0,0,0
378,6,black,Black,1.485,-1.515,-0.38598728,0.003771023,0.15079658,0.0048208656,0.0,0.0,0,3,0,0,0,0
379,6,black,Black,0.985,-1.015,-0.1461943,0.0675145,0.2545353,0.050026614,0.0,0.0,1,3,0,0,0,0
380,6,black,Black,1.485,-1.515,-0.42078122,0.008859207,-0.022369465,0.0039691157,0.0,0.0,0,3,0,0,0,0
381,6,black,Black,0.985,-1.015,-0.7646039,0.045255233,0.6604141,0.026392141,0.0,0.0,1,3,0,0,0,0
382,6,black,Black,0.985,-1.015,-0.6815426,0.05761264,0.48776254,0.051780175,0.0,0.0,1,3,0,0,0,0
383,6,black,Black,1.485,-1.515,0.09545346,0.010328246,0.29444245,0.0032242567,0.0,0.0,0,3,0,0,0,0
384,8,black,Black,1.48,-1.52,0.14329875,0.011438804,-1.2226062,0.004844385,0.0,0.0,0,3,0,0,0,0
385,6,black,Black,1.485,-1.515,0.1105198,0.014088695,-0.15578441,0.005677322,0.0,0.0,0,3,0,0,0,0
386,6,black,Black,1.485,-1.515,-0.35682437,0.013944692,-0.35523793,0.007780088,0.0,0.0,0,3,0,0,0,0
387,6,black,Black,0.985,-1.015,-0.55302805,0.03803231,0.12945302,0.018707825,0.0,0.0,1,3,0,0,0,0
388,6,black,Black,1.485,-1.515,-0.09443515,0.02407431,-0.9803725,0.009711324,0.0,0.0,0,3,0,0,0,0
389,6,black,Black,1.485,-1.515,-0.35340044,0.010574711,-0.4308516,0.009833534,0.0,0.0,0,3,0,0,0,0
390,6,black,Black,1.485,-1.515,-0.6767377,0.012933426,-0.17561941,0.008465539,0.0,0.0,0,3,0,0,0,0
391,6,black,Black,0.985,-1.015,0.42699727,0.055370796,0.24568956,0.029639164,0.0,0.0,1,3,0,0,0,0
392,6,black,Black,1.485,-1.515,-0.6371716,0.0145659,-0.18858536,0.006864536,0.0,0.0,0,3,0,0,0,0
393,6,black,Black,0.985,-1.015,-0.7074624,0.054013085,0.46380472,0.047047686,0.0,0.0,1,3,0,0,0,0
394,6,black,Black,0.985,-1.015,0.26288417,0.06380624,-0.29621765,0.03675653,0.0,0.0,1,3,0,0,0,0
395,6,black,Black,0.985,-1.015,-0.12662594,0.061910212,0.12273725,0.04344477,0.0,0.0,1,3,0,0,0,0
396,6,black,Black,1.485,-1.515,0.6617938,0.015757566,-0.45663515,0.019178482,0.0,0.0,0,3,0,0,0,0
397,6,black,Black,1.485,-1.515,0.22461052,0.018407663,0.3647511,0.012104057,0.0,0.0,0,3,0,0,0,0
398,6,black,Black,1.485,-1.515,0.41109654,0.028627163,-0.26134458,0.011281726,0.0,0.0,0,3,0,0,0,0
399,6,black,Black,1.485,-1.515,-0.09170818,0.015203086,-0.31660953,0.01418556,0.0,0.0,0,3,0,0,0,0
400,6,black,Black,1.485,-1.515,0.38083664,0.026948964,-0.029346148,0.016073871,0.0,0.0,0,3,0,0,0,0
401,6,black,Black,1.485,-1.515,0.35696188,0.016840002,-0.5069738,0.010694428,0.0,0.0,0,3,0,0,0,0
402,6,black,Black,1.485,-1.515,3.0424774,0.011456672,-1.1420293,0.0101495,0.0,0.0,0,3,0,0,0,0
403,6,black,Black,1.485,-1.515,0.15509279,0.013998918,-0.45954585,0.0056272536,0.0,0.0,0,3,0,0,0,0
404,6,black,Black,1.485,-1.515,0.09181432,0.016773716,-0.49615085,0.007574118,0.0,0.0,0,3,0,0,0,0
405,6,black,Black,1.485,-1.515,-0.048985202,0.008374467,-0.066474676,0.00804956,0.0,0.0,0,3,0,0,0,0
406,6,black,Black,0.985,-1.015,-1.7340349,0.07024347,1.0111454,0.050223332,0.0,0.0,1,3,0,0,0,0
407,6,black,Black,0.985,-1.015,-0.4284345,0.074562274,1.4014807,0.0514476,0.0,0.0,1,3,0,0,0,0
408,6,black,Black,1.485,-1.515,0.25216952,0.005393597,-1.1480012,0.00326417,0.0,0.0,0,3,0,0,0,0
409,6,black,Black,0.985,-1.015,0.95095783,0.06637055,0.6523823,0.060546737,0.0,0.0,1,3,0,0,0,0
410,6,black,Black,0.985,-1.015,-0.32407856,0.069825076,0.5774147,0.051069085,0.0,0.0,1,3,0,0,0,0
411,6,black,Black,1.485,-1.515,0.53941983,0.007483455,-0.40429607,0.0046741976,0.0,0.0,0,3,0,0,0,0
412,6,black,Black,1.485,-1.515,-0.7401078,0.009896676,-1.3356566,0.005863532,0.0,0.0,0,3,0,0,0,0
413,6,black,Black,0.985,-1.015,-0.714945,0.04340251,0.33965144,0.022215242,0.0,0.0,1,3,0,0,0,0
414,6,black,Black,0.985,-1.015,-0.084195174,0.06859914,1.759209,0.037320398,0.0,0.0,1,3,0,0,0,0
415,6,black,Black,0.985,-1.015,-0.5883481,0.061868787,0.14910524,0.04864922,0.0,0.0,1,3,0,0,0,0
416,6,black,Black,1.485,-1.515,0.15725924,0.013723734,0.6142335,0.009696706,0.0,0.0,0,3,0,0,0,0
417,6,black,Black,1.485,-1.515,-0.03249961,0.020547079,0.4461626,0.01330806,0.0,0.0,0,3,0,0,0,0
418,8,black,Black,1.48,-1.52,0.28007203,0.02017913,-0.10567021,0.011844082,0.0,0.0,0,3,0,0,0,0
419,6,black,Black,1.485,-1.515,0.107846044,0.031110113,-0.016515652,0.034678705,0.0,0.0,0,3,0,0,0,0
420,8,black,Black,0.98,-1.02,-0.43186635,0.03035383,1.0254112,0.03492714,0.0,0.0,1,3,0,0,0,0
421,6,black,Black,1.485,-1.515,-1.1935796,0.0246725,-1.0058562,0.01710335,0.0,0.0,0,3,0,0,0,0
422,6,black,Black,0.985,-1.015,0.14754653,0.031318057,1.1537035,0.014237293,0.0,0.0,1,3,0,0,0,0
423,6,black,Black,0.985,-1.015,0.1359632,0.017288359,0.39316162,0.0095916,0.0,0.0,1,3,0,0,0,0
424,6,black,Black,1.485,-1.515,-0.4303473,0.041998025,-0.28519902,0.025262149,0.0,0.0,0,3,0,0,0,0
425,6,black,Black,1.485,-1.515,-0.93481994,0.025609694,-0.75246066,0.032244023,0.0,0.0,0,3,0,0,0,0
426,8,black,Black,1.08,-0.42000000000000004,-0.35045305,0.023275208,-0.28892273,0.29584068,0.0,0.0,0,3,0,1,1,1
427,6,black,Black,1.485,-1.515,0.13150533,0.025644673,-1.4385442,0.013236049,0.0,0.0,0,3,0,0,0,0
428,6,black,Black,1.485,-1.515,-0.38688758,0.02304249,-0.079179205,0.01593026,0.0,0.0,0,3,0,0,0,0
429,6,black,Black,1.485,-1.515,0.14585392,0.030491995,-0.13121629,0.016310457,0.0,0.0,0,3,0,0,0,0
430,6,black,Black,1.485,-1.515,0.29734704,0.019899964,-0.28223452,0.016382579,0.0,0.0,0,3,0,0,0,0
431,6,black,Black,0.985,-1.015,-0.4332513,0.032075968,0.43833128,0.012230339,0.0,0.0,1,3,0,0,0,0
432,6,black,Black,1.485,-1.515,0.7269599,0.016799686,-0.3813789,0.023520023,0.0,0.0,0,3,0,0,0,0
433,6,black,Black,0.985,-1.015,-0.045568705,0.058101315,0.8205812,0.017503828,0.0,0.0,1,3,0,0,0,0
434,6,black,Black,0.485,-0.515,-0.29788557,0.26634187,0.09173175,0.16001728,0.0,0.0,2,3,0,0,0,0
435,6,black,Black,1.485,-1.515,0.24144705,0.01668152,-0.41519976,0.019607466,0.0,0.0,0,3,0,0,0,0
436,6,black,Black,0.985,-1.015,-0.17161234,0.034578204,-0.42347422,0.016095715,0.0,0.0,1,3,0,0,0,0
437,6,black,Black,1.485,-1.515,-0.1923176,0.010535338,-1.2492255,0.007463841,0.0,0.0,0,3,0,0,0,0
438,6,black,Black,0.985,-1.015,-0.24159007,0.044199567,0.28664398,0.031138213,0.0,0.0,1,3,0,0,0,0
439,6,black,Black,1.485,-1.515,0.22049506,0.018964404,-0.3555096,0.008942708,0.0,0.0,0,3,0,0,0,0
440,6,black,Black,0.985,-1.015,-0.7920491,0.028785443,-0.6992924,0.014781219,0.0,0.0,1,3,0,0,0,0
441,6,black,Black,0.985,-1.015,0.04690516,0.025299788,0.07906332,0.012194384,0.0,0.0,1,3,0,0,0,0
442,6,black,Black,0.485,-0.515,-0.33290932,0.21093412,0.5192043,0.12881048,0.0,0.0,2,3,0,0,0,0
443,6,black,Black,1.485,-1.515,-0.27590406,0.020008018,-0.66118246,0.011000418,0.0,0.0,0,3,0,0,0,0
444,6,black,Black,1.485,-1.515,-0.32794365,0.029502949,-0.59075665,0.0268199,0.0,0.0,0,3,0,0,0,0
445,6,black,Black,1.485,-1.515,-1.02662,0.0298933,-0.51861715,0.014617507,0.0,0.0,0,3,0,0,0,0
446,6,black,Black,0.985,-1.015,0.7395627,0.03239584,0.71741146,0.022238396,0.0,0.0,1,3,0,0,0,0
447,8,black,Black,0.98,-1.02,-0.2009499,0.02756458,-0.69139874,0.015755648,0.0,0.0,1,3,0,0,0,0
448,6,black,Black,0.585,-0.515,0.47125053,0.15178873,0.37463716,0.10958072,0.0,0.0,2,3,0,0,1,0
449,6,black,Black,1.485,-1.515,-2.123214,0.041528404,-1.3785471,0.028801704,0.0,0.0,0,3,0,0,0,0
450,6,black,Black,1.485,-1.515,0.33734226,0.047248736,-0.8507361,0.036236893,0.0,0.0,0,3,0,0,0,0
451,6,black,Black,0.985,-1.015,0.19957209,0.025018713,0.7459596,0.029033812,0.0,0.0,1,3,0,0,0,0
452,8,black,Black,0.98,-1.02,0.8176135,0.034702644,0.017476797,0.040917717,0.0,0.0,1,3,0,0,0,0
453,6,black,Black,0.985,-1.015,0.3793467,0.01762229,-0.032561183,0.018101495,0.0,0.0,1,3,0,0,0,0
454,6,black,Black,1.085,-1.015,-0.47593048,0.008760232,0.7287443,0.0125025185,0.0,0.0,1,3,0,0,1,0
455,6,black,Black,1.485,-1.515,1.0435284,0.070603676,-0.6113705,0.042052135,0.0,0.0,0,3,0,0,0,0
456,6,black,Black,0.985,-1.015,-0.50562733,0.02055811,-0.17215562,0.010760457,0.0,0.0,1,3,0,0,0,0
457,6,black,Black,1.485,-1.515,-0.60628015,0.057405606,-1.3488251,0.03522495,0.0,0.0,0,3,0,0,0,0
458,6,black,Black,0.985,-1.015,1.0089902,0.01836039,0.40125075,0.015522177,0.0,0.0,1,3,0,0,0,0
459,6,black,Black,0.985,-1.015,-0.31667373,0.01131999,0.23096792,0.01116247,0.0,0.0,1,3,0,0,0,0
460,6,black,Black,1.485,-1.515,-0.42281473,0.06527229,-0.7556658,0.04508033,0.0,0.0,0,3,0,0,0,0
461,6,black,Black,1.485,-1.515,-0.19321221,0.0647009,-0.64111245,0.04488796,0.0,0.0,0,3,0,0,0,0
462,6,black,Black,1.485,-1.515,0.03259484,0.05736554,-0.82526255,0.028065527,0.0,0.0,0,3,0,0,0,0
463,6,black,Black,0.985,-1.015,-0.5895734,0.008896139,0.8060925,0.011318065,0.0,0.0,1,3,0,0,0,0
464,6,black,Black,1.485,-1.515,0.68882674,0.039256584,-0.9436331,0.0250902,0.0,0.0,0,3,0,0,0,0
465,6,black,Black,1.485,-1.515,-0.59895366,0.034329463,-1.1215189,0.024392828,0.0,0.0,0,3,0,0,0,0
466,6,black,Black,1.485,-1.515,0.3968673,0.029954875,-0.5949952,0.019356882,0.0,0.0,0,3,0,0,0,0
467,6,black,Black,1.485,-1.515,0.22561352,0.024726609,-0.38393536,0.012343974,0.0,0.0,0,3,0,0,0,0
468,6,black,Black,1.485,-1.515,0.18475012,0.015316392,-0.19470446,0.008580376,0.0,0.0,0,3,0,0,0,0
469,6,black,Black,1.485,-1.515,0.63885504,0.012979485,-0.4409714,0.011641376,0.0,0.0,0,3,0,0,0,0
470,6,black,Black,1.485,-1.515,0.49268198,0.0075857076,-2.584225,0.0056899223,0.0,0.0,0,3,0,0,0,0
471,6,black,Black,0.985,-1.015,0.8194418,0.090474576,0.20756446,0.06503978,0.0,0.0,1,3,0,0,0,0
472,6,black,Black,0.985,-1.015,-0.4209608,0.05560966,1.3644956,0.029282922,0.0,0.0,1,3,0,0,0,0
473,8,black,Black,0.98,-1.02,0.16072643,0.11265653,-0.6664332,0.09339909,0.0,0.0,1,3,0,0,0,0
474,6,black,Black,1.485,-1.515,0.30269614,0.0021226166,-0.3012295,0.0036194697,0.0,0.0,0,3,0,0,0,0
475,6,black,Black,1.485,-1.515,0.14343591,0.0013885832,-0.45877814,0.0016367185,0.0,0.0,0,3,0,0,0,0
476,6,black,Black,1.085,-1.015,0.082595885,0.054581437,0.64139074,0.058194418,0.0,0.0,1,3,0,0,1,0
477,6,black,Black,0.985,-1.015,0.3038802,0.102100275,0.42969194,0.06309766,0.0,0.0,1,3,0,0,0,0
478,6,black,Black,1.485,-1.515,0.6359735,0.0034869118,-0.97293264,0.0043605412,0.0,0.0,0,3,0,0,0,0
479,6,black,Black,1.485,-1.515,-0.13503605,0.00402777,-0.6489275,0.008587143,0.0,0.0,0,3,0,0,0,0
480,8,black,Black,1.48,-1.52,-0.011827834,0.0024219668,-0.0734663,0.0075403294,0.0,0.0,0,3,0,0,0,0
481,8,black,Black,1.48,-1.52,-0.3443123,0.0024466002,-0.7342,0.0061890716,0.0,0.0,0,3,0,0,0,0
482,8,black,Black,0.98,-1.02,0.099796236,0.07221684,-0.09165147,0.04017631,0.0,0.0,1,3,0,0,0,0
483,5,black,Black,1.985,-1.51,-0.008286755,0.18785344,1.0885572,0.02495997,0.0,0.0,0,2,1,0,0,0
484,6,black,Black,1.485,-1.515,0.14934917,0.007101106,-0.8249747,0.012587615,0.0,0.0,0,3,0,0,0,0
485,6,black,Black,1.485,-1.515,0.17459391,0.009873337,-0.6057035,0.007771658,0.0,0.0,0,3,0,0,0,0
486,8,black,Black,0.98,-1.02,-1.2104037,0.076079056,0.16697809,0.048346743,0.0,0.0,1,3,0,0,0,0
487,6,black,Black,1.485,-1.515,-0.7482999,0.011707801,-0.85366064,0.011449297,0.0,0.0,0,3,0,0,0,0
488,6,black,Black,1.485,-1.515,-0.25133264,0.009693024,-0.7632001,0.0077843894,0.0,0.0,0,3,0,0,0,0
489,6,black,Black,0.985,-1.015,0.12486633,0.072353564,0.093681335,0.040058807,0.0,0.0,1,3,0,0,0,0
490,6,black,Black,0.985,-1.015,0.22734225,0.07039701,-0.43742982,0.03616586,0.0,0.0,1,3,0,0,0,0
491,6,black,Black,1.485,-1.515,-0.015985131,0.012675685,0.99564576,0.017508192,0.0,0.0,0,3,0,0,0,0
492,8,black,Black,1.48,-1.52,1.6617647,0.012588803,0.01608017,0.019923508,0.0,0.0,0,3,0,0,0,0
493,6,black,Black,0.985,-1.015,0.6716067,0.05681191,0.635065,0.027679777,0.0,0.0,1,3,0,0,0,0
494,8,black,Black,1.48,-1.52,0.39707404,0.012371507,-0.3100549,0.018013623,0.0,0.0,0,3,0,0,0,0
495,6,black,Black,1.485,-1.515,-0.28046036,0.0167527,0.7000497,0.008753288,0.0,0.0,0,3,0,0,0,0
496,6,black,Black,0.485,-0.515,0.034924865,0.2493862,-0.03661259,0.12120628,0.0,0.0,2,3,0,0,0,0
497,6,black,Black,1.485,-1.515,-0.07176524,0.022939086,-1.0463022,0.01616733,0.0,0.0,0,3,0,0,0,0
498,8,black,Black,1.48,-1.52,0.0006223023,0.016381705,0.60185283,0.0148447985,0.0,0.0,0,3,0,0,0,0
499,8,black,Black,0.98,-1.02,-0.06003625,0.040008243,0.2518783,0.03636735,0.0,0.0,1,3,0,0,0,0
500,6,black,Black,1.485,-1.515,0.010296742,0.021405423,-0.52273756,0.007519202,0.0,0.0,0,3,0,0,0,0
501,6,black,Black,0.985,-1.015,0.082203925,0.033296235,0.54775167,0.030528277,0.0,0.0,1,3,0,0,0,0
502,6,black,Black,0.985,-1.015,-0.3373861,0.024836877,-0.10096335,0.019055443,0.0,0.0,1,3,0,0,0,0
503,6,black,Black,1.485,-1.515,-0.010815978,0.02585345,0.13041647,0.022745691,0.0,0.0,0,3,0,0,0,0
504,6,black,Black,1.485,-1.515,0.09275713,0.030990124,-0.75918657,0.010379886,0.0,0.0,0,3,0,0,0,0
505,6,black,Black,0.985,-1.015,-0.34143463,0.021968618,-0.8128653,0.016044363,0.0,0.0,1,3,0,0,0,0
506,8,black,Black,1.48,-1.52,-0.011000276,0.024877938,-0.3903724,0.012597246,0.0,0.0,0,3,0,0,0,0
507,8,black,Black,1.48,-1.52,0.49993423,0.029436793,-0.7438208,0.018781818,0.0,0.0,0,3,0,0,0,0
508,8,black,Black,1.48,-1.52,0.29891703,0.026714556,0.3292457,0.015520105,0.0,0.0,0,3,0,0,0,0
509,6,black,Black,0.985,-1.015,0.012133837,0.036620095,-0.64141864,0.03166053,0.0,0.0,1,3,0,0,0,0
510,4,black,Black,1.49,-1.01,-0.3696009,0.03322018,0.69614136,0.017707251,0.0,0.0,1,2,1,0,0,0
511,6,black,Black,0.985,-1.015,-0.514548,0.028525421,0.88086796,0.018979728,0.0,0.0,1,3,0,0,0,0
512,6,black,Black,0.985,-1.015,-1.533401,0.01245838,-0.5786228,0.0034802265,0.0,0.0,1,3,0,0,0,0
513,8,black,Black,1.48,-1.52,0.2603827,0.013265306,-0.5677771,0.007992963,0.0,0.0,0,3,0,0,0,0
514,6,black,Black,1.485,-1.515,0.111361004,0.018890977,-1.1546005,0.013659998,0.0,0.0,0,3,0,0,0,0
515,6,black,Black,0.985,-1.015,0.026349226,0.04816882,0.06039278,0.02752308,0.0,0.0,1,3,0,0,0,0
516,6,black,Black,1.485,-1.515,0.5820039,0.013658381,0.40354207,0.014266424,0.0,0.0,0,3,0,0,0,0
517,6,black,Black,0.985,-1.015,0.2729305,0.05840953,0.56873465,0.03225113,0.0,0.0,1,3,0,0,0,0
518,6,black,Black,0.985,-1.015,0.592408,0.04964285,-0.36946598,0.032948807,0.0,0.0,1,3,0,0,0,0
519,6,black,Black,1.485,-1.515,-0.26913688,0.012803773,-0.89133126,0.012374484,0.0,0.0,0,3,0,0,0,0
520,8,black,Black,1.48,-1.52,0.012116224,0.010948227,-1.0219502,0.0092067495,0.0,0.0,0,3,0,0,0,0
521,8,black,Black,0.48,-0.52,0.08892459,0.27495062,1.1156228,0.17663157,0.0,0.0,2,3,0,0,0,0
522,6,black,Black,0.985,-1.015,0.056300342,0.04361387,0.11433514,0.04014609,0.0,0.0,1,3,0,0,0,0
523,6,black,Black,1.485,-1.515,-0.74286014,0.021791928,0.31522065,0.01571515,0.0,0.0,0,3,0,0,0,0
524,6,black,Black,1.485,-1.515,-0.13637777,0.024070485,-0.45782533,0.024862587,0.0,0.0,0,3,0,0,0,0
525,8,black,Black,1.48,-1.52,-0.4500507,0.024286415,-0.22843845,0.033956047,0.0,0.0,0,3,0,0,0,0
526,6,black,Black,1.485,-1.515,1.6356207,0.021597883,-0.387707,0.024173127,0.0,0.0,0,3,0,0,0,0
527,6,black,Black,0.985,-1.015,-0.7204261,0.009375887,-0.58753544,0.008925301,0.0,0.0,1,3,0,0,0,0
528,8,black,Black,1.48,-1.52,0.60737395,0.017907936,-1.7511525,0.019864647,0.0,0.0,0,3,0,0,0,0
529,8,black,Black,0.98,-1.02,0.46675906,0.05009552,0.2774095,0.02171579,0.0,0.0,1,3,0,0,0,0
530,6,black,Black,1.485,-1.515,0.3517442,0.02412203,-0.7886823,0.017923163,0.0,0.0,0,3,0,0,0,0
531,8,black,Black,0.98,-1.02,-0.21604374,0.049556423,1.0677181,0.026303254,0.0,0.0,1,3,0,0,0,0
532,8,black,Black,1.48,-1.52,0.39489615,0.016872346,-0.16544199,0.007196304,0.0,0.0,0,3,0,0,0,0
533,6,black,Black,1.485,-1.515,-0.055975754,0.02207488,-0.3289099,0.007969881,0.0,0.0,0,3,0,0,0,0
534,8,black,Black,0.98,-1.02,-1.827206,0.020945191,0.4561695,0.011058052,0.0,0.0,1,3,0,0,0,0
535,8,black,Black,1.48,-1.52,1.1968492,0.01864776,-0.35430354,0.014734477,0.0,0.0,0,3,0,0,0,0
536,6,black,Black,0.485,-0.515,0.7985866,0.20938297,0.86036843,0.12195424,0.0,0.0,2,3,0,0,0,0
537,8,black,Black,1.48,-1.52,-0.20127797,0.018612087,-0.13904029,0.0103011895,0.0,0.0,0,3,0,0,0,0
538,8,black,Black,0.98,-1.02,-0.653625,0.031754643,0.39258552,0.02513722,0.0,0.0,1,3,0,0,0,0
539,6,black,Black,1.485,-1.515,0.63664055,0.022426313,-0.8440054,0.009520941,0.0,0.0,0,3,0,0,0,0
540,6,black,Black,0.985,-1.015,-0.9494656,0.044172633,0.24267809,0.03309013,0.0,0.0,1,3,0,0,0,0
541,6,black,Black,0.985,-1.015,1.0370239,0.034335513,0.32820454,0.02958545,0.0,0.0,1,3,0,0,0,0
542,8,black,Black,0.98,-1.02,-0.20572406,0.03910082,0.07462278,0.026579956,0.0,0.0,1,3,0,0,0,0
543,6,black,Black,1.485,-1.515,-0.24911503,0.0332133,-1.2198392,0.015601937,0.0,0.0,0,3,0,0,0,0
544,6,black,Black,1.485,-1.515,-0.048261005,0.031361304,-0.22129238,0.011075265,0.0,0.0,0,3,0,0,0,0
545,6,black,Black,1.485,-1.515,-0.13322417,0.034821488,0.047867972,0.012005474,0.0,0.0,0,3,0,0,0,0
546,6,black,Black,1.485,-1.515,-0.058692098,0.036822826,-0.50133944,0.02113306,0.0,0.0,0,3,0,0,0,0
547,6,black,Black,1.485,-1.515,-0.23744665,0.033033773,-0.5898333,0.0136757875,0.0,0.0,0,3,0,0,0,0
548,6,black,Black,1.485,-1.515,0.28987035,0.029132506,-0.24724829,0.011813793,0.0,0.0,0,3,0,0,0,0
549,6,black,Black,1.485,-1.515,0.5133304,0.020805476,0.051594865,0.011845753,0.0,0.0,0,3,0,0,0,0
550,8,black,Black,0.48,-0.52,0.015251815,0.19714752,-0.39798632,0.09537689,0.0,0.0,2,3,0,0,0,0
551,6,black,Black,1.485,-1.515,0.32541203,0.017509717,-1.4177784,0.006110933,0.0,0.0,0,3,0,0,0,0
552,6,black,Black,1.485,-1.515,-1.1404734,0.015688997,-0.7095203,0.013568127,0.0,0.0,0,3,0,0,0,0
553,6,black,Black,0.985,-1.015,0.0568312,0.05677374,0.23689254,0.046440925,0.0,0.0,1,3,0,0,0,0
554,10,black,Black,0.975,-0.925,1.0360966,0.078286335,0.41902655,0.10927434,0.0,0.0,1,3,0,0,0,1
555,6,black,Black,1.485,-1.515,0.77959055,0.013999503,-0.4119449,0.0076803267,0.0,0.0,0,3,0,0,0,0
556,6,black,Black,0.985,-1.015,-0.59395975,0.034539822,0.53126866,0.014574315,0.0,0.0,1,3,0,0,0,0
557,6,black,Black,1.485,-1.515,-0.089165784,0.012169395,-0.4407384,0.012432892,0.0,0.0,0,3,0,0,0,0
558,8,black,Black,1.48,-1.52,0.9494578,0.010392889,-0.4699149,0.012745359,0.0,0.0,0,3,0,0,0,0
559,6,black,Black,0.985,-1.015,-0.60727865,0.035925835,0.83268374,0.015695354,0.0,0.0,1,3,0,0,0,0
560,6,black,Black,1.485,-1.515,0.26601616,0.015114788,-0.6993873,0.0117374705,0.0,0.0,0,3,0,0,0,0
561,6,black,Black,1.485,-1.515,-0.77141505,0.013644579,-0.6752501,0.009899224,0.0,0.0,0,3,0,0,0,0
562,6,black,Black,1.485,-1.515,0.068657756,0.013494547,0.035291035,0.016507192,0.0,0.0,0,3,0,0,0,0
563,8,black,Black,0.98,-1.02,0.9026869,0.054661196,0.5303476,0.03707819,0.0,0.0,1,3,0,0,0,0
564,6,black,Black,1.485,-1.515,0.67727,0.01052248,-0.67679673,0.013089749,0.0,0.0,0,3,0,0,0,0
565,7,black,Black,1.58,-1.015,-0.02529794,0.027112814,1.1457578,0.04593499,0.0,0.0,1,2,1,0,1,0
566,6,black,Black,0.985,-1.015,0.0036289692,0.06467336,1.0275085,0.026789637,0.0,0.0,1,3,0,0,0,0
567,8,black,Black,1.48,-1.52,-0.024100363,0.008117726,-0.09520489,0.012437239,0.0,0.0,0,3,0,0,0,0
568,8,black,Black,1.58,-1.52,-0.49759334,0.016387962,-0.5153315,0.012621267,0.0,0.0,0,3,0,0,1,0
569,8,black,Black,1.48,-1.52,0.539377,0.0069272597,0.13642603,0.015503934,0.0,0.0,0,3,0,0,0,0
570,6,black,Black,1.485,-1.515,-0.6030472,0.010184518,-1.0385066,0.024533631,0.0,0.0,0,3,0,0,0,0
571,6,black,Black,1.485,-1.515,-0.2202153,0.00903104,-0.48292914,0.008780536,0.0,0.0,0,3,0,0,0,0
572,8,black,Black,0.98,-1.02,0.41470551,0.084492296,0.17941499,0.05009742,0.0,0.0,1,3,0,0,0,0
573,6,black,Black,1.085,-1.015,1.3450346,0.050758377,1.1168475,0.024589187,0.0,0.0,1,3,0,0,1,0
574,6,black,Black,1.485,-1.515,0.47207394,0.006589307,-0.19338314,0.008121192,0.0,0.0,0,3,0,0,0,0
575,6,black,Black,0.985,-1.015,-0.58454186,0.06434393,1.1200289,0.02237445,0.0,0.0,1,3,0,0,0,0
576,6,black,Black,1.485,-1.515,0.368284,0.007546045,-0.4518069,0.014116378,0.0,0.0,0,3,0,0,0,0
577,8,black,Black,1.48,-1.52,-0.04734385,0.0060297986,-1.4909384,0.009987727,0.0,0.0,0,3,0,0,0,0
578,6,black,Black,0.985,-1.015,-0.35173574,0.04409191,0.030705234,0.016136263,0.0,0.0,1,3,0,0,0,0
579,8,black,Black,0.48,-0.52,0.3160215,0.18389264,0.24732125,0.1058986,0.0,0.0,2,3,0,0,0,0
580,8,black,Black,0.48,-0.52,0.051275432,0.3333709,-0.10050112,0.23123558,0.0,0.0,2,3,0,0,0,0
581,8,black,Black,0.48,-0.52,-0.16619128,0.225822,0.73876643,0.11463601,0.0,0.0,2,3,0,0,0,0
582,8,black,Black,0.98,-1.02,-0.23622018,0.02766846,1.0859528,0.01345821,0.0,0.0,1,3,0,0,0,0
583,8,black,Black,1.48,-1.52,0.24109356,0.03252072,-0.48445064,0.03265068,0.0,0.0,0,3,0,0,0,0
584,10,black,Black,0.975,-1.025,0.25134686,0.022075338,0.09827089,0.023432758,0.0,0.0,1,3,0,0,0,0
585,6,black,Black,0.985,-1.015,-0.73483783,0.015747057,0.5352605,0.026113383,0.0,0.0,1,3,0,0,0,0
586,10,black,Black,0.475,-0.525,0.18251216,0.161345,0.26657027,0.11544447,0.0,0.0,2,3,0,0,0,0
587,8,black,Black,0.98,-0.92,0.16606823,0.00812799,0.00882661,0.03046687,0.0,0.0,1,3,0,0,0,1
588,8,black,Black,1.08,-1.02,0.8101771,0.00054676394,0.2984308,0.01480241,0.0,0.0,1,3,0,0,1,0
589,8,black,Black,1.48,-1.52,0.11898273,0.10428695,0.29780054,0.08645922,0.0,0.0,0,3,0,0,0,0
590,6,black,Black,1.485,-1.515,0.1742717,0.11492884,0.5008634,0.07492826,0.0,0.0,0,3,0,0,0,0
591,10,black,Black,0.975,-1.025,-0.5171616,0.009396431,0.122689284,0.062091626,0.0,0.0,1,3,0,0,0,0
592,10,black,Black,0.475,-0.525,-0.052843858,0.09184931,-0.76767594,0.053230755,0.0,0.0,2,3,0,0,0,0
593,8,black,Black,1.48,-1.52,0.5989767,0.11697522,-0.39402777,0.087531604,0.0,0.0,0,3,0,0,0,0
594,8,black,Black,1.48,-1.52,0.5258916,0.12611452,-0.4648457,0.13423653,0.0,0.0,0,3,0,0,0,0
595,8,black,Black,0.98,-1.02,-1.4978235,0.00071506016,0.8568887,0.017254932,0.0,0.0,1,3,0,0,0,0
596,8,black,Black,1.48,-1.52,-0.54200524,0.108861305,-0.35367,0.07617957,0.0,0.0,0,3,0,0,0,0
597,10,black,Black,1.475,-1.425,-0.106364444,0.09096251,-0.24570921,0.06956132,0.0,0.0,0,3,0,0,0,1
598,6,black,Black,1.485,-1.515,0.8027846,0.09129974,-0.8367973,0.048850268,0.0,0.0,0,3,0,0,0,0
599,10,black,Black,0.475,-0.525,-0.98453504,0.105994284,0.2653094,0.07290189,0.0,0.0,2,3,0,0,0,0
600,8,black,Black,0.98,-1.02,-0.53404534,0.038536515,0.54617757,0.0048492784,0.0,0.0,1,3,0,0,0,0
601,6,black,Black,1.485,-1.515,0.601485,0.07054601,-0.6430872,0.06103908,0.0,0.0,0,3,0,0,0,0
602,8,black,Black,1.08,-1.02,0.35697865,0.012376524,0.09380947,0.052315414,0.0,0.0,1,3,0,0,1,0
603,8,black,Black,1.48,-1.52,0.17010373,0.043531917,-0.35448116,0.026856974,0.0,0.0,0,3,0,0,0,0
604,6,black,Black,1.485,-1.515,0.18686533,0.044568192,-1.0498034,0.015919404,0.0,0.0,0,3,0,0,0,0
605,8,black,Black,1.48,-1.52,-0.35395265,0.029373433,-0.4192828,0.018473117,0.0,0.0,0,3,0,0,0,0
606,8,black,Black,1.48,-1.52,-0.24600177,0.030919515,-0.119769625,0.024132594,0.0,0.0,0,3,0,0,0,0
607,6,black,Black,1.485,-1.515,0.50563264,0.021974847,-0.48209825,0.006796854,0.0,0.0,0,3,0,0,0,0
608,6,black,Black,1.485,-1.515,0.25191864,0.017656853,-0.43571588,0.0073521845,0.0,0.0,0,3,0,0,0,0
609,6,black,Black,1.485,-1.515,0.58434373,0.014690928,-0.9783961,0.009707144,0.0,0.0,0,3,0,0,0,0
610,8,black,Black,0.98,-1.02,0.2051269,0.07403831,0.48916447,0.054535337,0.0,0.0,1,3,0,0,0,0
611,6,black,Black,1.485,-1.515,0.7281402,0.006213363,-0.11396722,0.007051689,0.0,0.0,0,3,0,0,0,0
612,6,black,Black,0.985,-1.015,0.8310542,0.049190592,-0.44515142,0.033544574,0.0,0.0,1,3,0,0,0,0
613,6,black,Black,1.085,-1.015,-0.03014189,0.04012107,0.08680558,0.045670595,0.0,0.0,1,3,0,0,1,0
614,8,black,Black,0.98,-1.02,0.5937077,0.098009504,1.0067433,0.058098264,0.0,0.0,1,3,0,0,0,0
615,6,black,Black,1.485,-1.515,-0.24789576,0.0036500518,-0.04411322,0.0052973,0.0,0.0,0,3,0,0,0,0
616,8,black,Black,0.98,-1.02,0.36190817,0.10804131,0.3944286,0.06330785,0.0,0.0,1,3,0,0,0,0
617,6,black,Black,0.985,-1.015,0.22766419,0.09461864,1.7220446,0.066682525,0.0,0.0,1,3,0,0,0,0
618,8,black,Black,0.98,-1.02,-0.70731246,0.057994828,0.26523483,0.04232821,0.0,0.0,1,3,0,0,0,0
619,6,black,Black,0.985,-1.015,-1.1200199,0.07708935,-0.062663995,0.04666057,0.0,0.0,1,3,0,0,0,0
620,8,black,Black,0.58,-0.52,1.0644768,0.2113415,0.46942484,0.1838461,0.0,0.0,2,3,0,0,1,0
621,6,black,Black,1.485,-1.515,0.09924853,0.013423316,0.040457487,0.013694768,0.0,0.0,0,3,0,0,0,0
622,6,black,Black,1.485,-1.515,-0.016255192,0.022707632,-0.21023631,0.025157256,0.0,0.0,0,3,0,0,0,0
623,6,black,Black,0.985,-1.015,0.10940436,0.03531395,0.53283143,0.007355988,0.0,0.0,1,3,0,0,0,0
624,6,black,Black,1.485,-1.515,-0.17743367,0.033402126,3.8416712,0.040228836,0.0,0.0,0,3,0,0,0,0
625,8,black,Black,1.48,-1.52,0.28155077,0.039061747,-1.0269865,0.059480697,0.0,0.0,0,3,0,0,0,0
626,6,black,Black,1.485,-1.515,0.34068036,0.033123437,-0.7009969,0.038620055,0.0,0.0,0,3,0,0,0,0
627,6,black,Black,1.485,-1.015,-0.27505323,0.047430873,0.2822044,0.006742312,0.0,0.0,1,2,1,0,0,0
628,8,black,Black,1.58,-1.52,0.21817958,0.06323056,-0.61475533,0.03828551,0.0,0.0,0,3,0,0,1,0
629,6,black,Black,0.985,-1.015,0.6735683,0.036409523,-1.1845344,0.01739828,0.0,0.0,1,3,0,0,0,0
630,6,black,Black,0.985,-1.015,-0.65201956,0.034354087,0.118047155,0.0148177035,0.0,0.0,1,3,0,0,0,0
631,10,black,Black,0.475,0.07499999999999997,-0.94499665,0.17570065,0.23944826,0.42359662,0.0,0.0,1,3,0,1,0,1
632,8,black,Black,1.48,-1.52,-0.10072686,0.029592663,-0.28230834,0.03528274,0.0,0.0,0,3,0,0,0,0
633,8,black,Black,1.48,-1.52,0.2875471,0.026740978,-0.46847773,0.024090786,0.0,0.0,0,3,0,0,0,0
634,6,black,Black,0.985,-1.015,0.93387944,0.02105014,0.1318289,0.007844301,0.0,0.0,1,3,0,0,0,0
635,8,black,Black,0.98,-1.02,-0.009704471,0.03107703,2.3000891,0.0075519793,0.0,0.0,1,3,0,0,0,0
636,8,black,Black,1.08,-1.02,-0.26764828,0.019128144,0.5846838,0.042397648,0.0,0.0,1,3,0,0,1,0
637,10,black,Black,0.975,-1.025,-0.30362248,0.021941938,0.5083657,0.0073023513,0.0,0.0,1,3,0,0,0,0
638,8,black,Black,0.98,-1.02,0.12739357,0.017687423,0.035213113,0.0063808225,0.0,0.0,1,3,0,0,0,0
639,6,black,Black,0.985,-1.015,-0.6178288,0.0076310593,-0.59558105,0.010097576,0.0,0.0,1,3,0,0,0,0
640,6,black,Black,0.985,-1.015,-1.1053735,0.013136755,-0.588466,0.008398348,0.0,0.0,1,3,0,0,0,0
641,6,black,Black,1.485,-1.515,0.071829595,0.054314673,-0.5892508,0.04911773,0.0,0.0,0,3,0,0,0,0
642,10,black,Black,0.975,-1.025,0.09176514,0.015334809,0.15684542,0.004197031,0.0,0.0,1,3,0,0,0,0
643,6,black,Black,0.985,-1.015,-0.14384027,0.005440684,-1.1562916,0.0074575045,0.0,0.0,1,3,0,0,0,0
644,8,black,Black,0.98,-1.02,-0.27997467,0.0073870714,-0.13293926,0.010129706,0.0,0.0,1,3,0,0,0,0
645,6,black,Black,1.485,-1.515,0.23448078,0.071169235,-0.28275353,0.047350883,0.0,0.0,0,3,0,0,0,0
646,4,black,Black,1.99,-1.51,-0.6017963,0.44086018,-1.1349608,0.055603083,0.0,0.0,0,2,1,0,0,0
647,6,black,Black,1.485,-1.515,0.44542554,0.067282595,-0.34092712,0.043481052,0.0,0.0,0,3,0,0,0,0
648,8,black,Black,0.98,-1.02,-1.1281731,0.016699322,-0.19968462,0.037548304,0.0,0.0,1,3,0,0,0,0
649,8,black,Black,1.48,-1.52,1.0566907,0.059340373,-0.24860305,0.040080518,0.0,0.0,0,3,0,0,0,0
650,8,black,Black,0.48,-0.52,0.36798194,0.17351015,0.42454296,0.15721235,0.0,0.0,2,3,0,0,0,0
651,8,black,Black,0.98,-0.42000000000000004,-1.0077734,0.014582988,-0.796382,0.2855022,0.0,0.0,0,3,0,1,0,1
652,6,black,Black,0.485,-0.515,-0.64898306,0.15766904,0.35834226,0.10166364,0.0,0.0,2,3,0,0,0,0
653,8,black,Black,0.98,-1.02,-0.86242574,0.0033260782,0.38255614,0.0044245245,0.0,0.0,1,3,0,0,0,0
654,8,black,Black,0.98,-1.02,-0.1827456,0.0127918115,0.86086434,0.010980823,0.0,0.0,1,3,0,0,0,0
655,8,black,Black,1.48,-0.92,0.86085117,0.041748215,-0.11338936,0.032373033,0.0,0.0,1,2,1,0,0,1
656,8,black,Black,1.48,-1.52,-0.8039415,0.05624789,-1.1931146,0.063709676,0.0,0.0,0,3,0,0,0,0
657,6,black,Black,0.985,-1.015,-0.48196778,0.0066120736,0.28462544,0.0019111414,0.0,0.0,1,3,0,0,0,0
658,6,black,Black,1.485,-1.515,-0.027756205,0.054046467,-0.4842802,0.041829392,0.0,0.0,0,3,0,0,0,0
659,8,black,Black,0.98,-1.02,-1.0445521,0.012188383,0.0497362,0.003873167,0.0,0.0,1,3,0,0,0,0
660,6,black,Black,1.485,-1.515,0.021346003,0.06776548,-0.5488649,0.06103641,0.0,0.0,0,3,0,0,0,0
661,6,black,Black,1.485,-1.515,0.5317072,0.048740935,-0.8001752,0.03669502,0.0,0.0,0,3,0,0,0,0
662,6,black,Black,1.485,-1.515,-0.19120014,0.048559755,0.044133425,0.028058754,0.0,0.0,0,3,0,0,0,0
663,6,black,Black,1.485,-1.515,0.092571504,0.04108953,-0.5414269,0.024808457,0.0,0.0,0,3,0,0,0,0
664,6,black,Black,0.985,-1.015,0.4941889,0.028721005,0.29327127,0.019012282,0.0,0.0,1,3,0,0,0,0
665,8,black,Black,1.48,-1.52,0.005079195,0.031141693,-0.7840885,0.038039327,0.0,0.0,0,3,0,0,0,0
666,6,black,Black,0.985,-1.015,-0.10801855,0.034773637,0.35011968,0.021228904,0.0,0.0,1,3,0,0,0,0
667,6,black,Black,0.985,-1.015,0.36972162,0.044932287,-0.32844356,0.030460292,0.0,0.0,1,3,0,0,0,0
668,8,black,Black,0.98,-1.02,0.82310104,0.03858923,0.27795392,0.025864812,0.0,0.0,1,3,0,0,0,0
669,6,black,Black,1.485,-1.515,-0.350651,0.027794683,-0.4097356,0.030799761,0.0,0.0,0,3,0,0,0,0
670,12,black,Black,1.47,-1.53,-0.1872993,0.016598685,0.13212875,0.02713705,0.0,0.0,0,3,0,0,0,0
671,8,black,Black,1.48,-1.52,-0.34463215,0.018282773,0.15115017,0.023097184,0.0,0.0,0,3,0,0,0,0
672,6,black,Black,1.485,-1.515,-0.4875605,0.019419491,-0.105991445,0.02479624,0.0,0.0,0,3,0,0,0,0
673,6,black,Black,0.485,-0.515,-0.06211257,0.22778773,0.041987736,0.16662674,0.0,0.0,2,3,0,0,0,0
674,6,black,Black,1.085,-1.015,0.01598837,0.027342305,0.029077211,0.051512394,0.0,0.0,1,3,0,0,1,0
675,8,black,Black,0.98,-1.02,-0.21034142,0.043412965,-1.0552433,0.022133889,0.0,0.0,1,3,0,0,0,0
676,6,black,Black,1.485,-1.515,0.35469142,0.014246997,-0.37394825,0.0057379263,0.0,0.0,0,3,0,0,0,0
677,8,black,Black,1.58,-1.42,-0.23669371,0.038007677,0.0063055754,0.010269415,0.0,0.0,0,3,0,0,1,1
678,10,black,Black,1.475,-0.925,0.5545106,0.021159772,0.5218305,0.063561976,0.0,0.0,1,2,1,0,0,1
679,6,black,Black,1.485,-1.515,0.88641596,0.015149504,-0.007956266,0.013144665,0.0,0.0,0,3,0,0,0,0
680,6,black,Black,0.985,-1.015,0.37181243,0.031802174,0.07531088,0.0122606335,0.0,0.0,1,3,0,0,0,0
681,6,black,Black,1.485,-1.515,0.2109489,0.01448584,-0.0271343,0.020948589,0.0,0.0,0,3,0,0,0,0
682,6,black,Black,0.985,-1.015,-0.71824867,0.041104477,0.07015786,0.014477973,0.0,0.0,1,3,0,0,0,0
683,6,black,Black,1.485,-1.515,0.04437399,0.01695525,0.25030008,0.01653049,0.0,0.0,0,3,0,0,0,0
684,6,black,Black,0.985,-1.015,0.17602634,0.05141977,0.79423016,0.02829224,0.0,0.0,1,3,0,0,0,0
685,8,black,Black,0.98,-1.02,0.52137196,0.06207864,0.3366647,0.042704787,0.0,0.0,1,3,0,0,0,0
686,8,black,Black,0.48,-0.52,0.2695081,0.1884458,0.055563778,0.10852277,0.0,0.0,2,3,0,0,0,0
687,6,black,Black,0.985,-1.015,-0.010474761,0.050117258,-0.13361645,0.025109814,0.0,0.0,1,3,0,0,0,0
688,8,black,Black,1.48,-1.52,-0.01290267,0.015549342,-0.20132744,0.020261142,0.0,0.0,0,3,0,0,0,0
689,6,black,Black,0.985,-1.015,-0.75531244,0.023593673,0.34943715,0.011765144,0.0,0.0,1,3,0,0,0,0
690,8,black,Black,0.98,-1.02,-0.41948086,0.012974152,-1.0838176,0.011212785,0.0,0.0,1,3,0,0,0,0
691,6,black,Black,1.485,-1.515,0.16855781,0.040092614,0.11940273,0.043901663,0.0,0.0,0,3,0,0,0,0
692,8,black,Black,1.48,-1.52,1.6587496,0.029509608,-0.32030076,0.022057366,0.0,0.0,0,3,0,0,0,0
693,6,black,Black,1.485,-1.515,-0.25048092,0.033948753,-1.1071938,0.023515215,0.0,0.0,0,3,0,0,0,0
694,8,black,Black,1.48,-1.52,0.14409727,0.031169087,-0.20370954,0.020286674,0.0,0.0,0,3,0,0,0,0
695,10,black,Black,0.975,-1.025,1.0364183,0.024275066,1.077913,0.021383945,0.0,0.0,1,3,0,0,0,0
696,6,black,Black,1.485,-1.515,0.023555955,0.033346783,-0.30178377,0.014688582,0.0,0.0,0,3,0,0,0,0
697,8,black,Black,1.48,-1.52,-0.253408,0.02496399,-0.3152425,0.009376579,0.0,0.0,0,3,0,0,0,0
698,6,black,Black,0.985,-1.015,0.035057664,0.021433467,-0.43977547,0.021348285,0.0,0.0,1,3,0,0,0,0
699,8,black,Black,0.98,-1.02,-0.67534995,0.015589347,0.18918297,0.006548288,0.0,0.0,1,3,0,0,0,0
700,6,black,Black,0.985,-1.015,0.20141798,0.02538369,0.5736285,0.01929508,0.0,0.0,1,3,0,0,0,0
701,8,black,Black,1.48,-1.52,0.8848566,0.029460903,-0.008615613,0.012165369,0.0,0.0,0,3,0,0,0,0
702,8,black,Black,1.98,-1.42,0.064097404,0.2889124,-0.46115905,0.008562453,0.0,0.0,0,2,1,0,0,1
703,8,black,Black,0.98,-1.02,-0.21209447,0.02318898,0.35312885,0.014807441,0.0,0.0,1,3,0,0,0,0
704,5,black,Black,1.985,-1.51,-0.0196654,0.27184474,-0.6663723,0.019957002,0.0,0.0,0,2,1,0,0,0
705,8,black,Black,1.48,-1.52,-0.20812878,0.019202422,-0.44741523,0.010015559,0.0,0.0,0,3,0,0,0,0
706,10,black,Black,1.475,-1.525,0.66970694,0.018217403,-0.56485546,0.013483884,0.0,0.0,0,3,0,0,0,0
707,6,black,Black,0.985,-1.015,0.23181152,0.050858717,-0.75234675,0.055312287,0.0,0.0,1,3,0,0,0,0
708,8,black,Black,0.98,-1.02,0.12879208,0.054342132,0.3834216,0.043470927,0.0,0.0,1,3,0,0,0,0
709,5,black,Black,1.485,-1.01,-0.32796514,0.015466743,0.5520135,0.0384051,0.0,0.0,1,2,1,0,0,0
710,6,black,Black,0.485,-0.515,-0.35906592,0.20987439,0.6250916,0.11158348,0.0,0.0,2,3,0,0,0,0
711,6,black,Black,1.485,-1.515,-0.15346277,0.014959128,0.013042132,0.01493244,0.0,0.0,0,3,0,0,0,0
712,8,black,Black,0.48,-0.52,0.0626957,0.2566355,0.31074172,0.13991216,0.0,0.0,2,3,0,0,0,0
713,8,black,Black,0.98,-1.02,-1.1276605,0.011107133,1.1544431,0.007053748,0.0,0.0,1,3,0,0,0,0
714,10,black,Black,0.475,-0.525,-0.20919272,0.20272961,0.4265511,0.110147014,0.0,0.0,2,3,0,0,0,0
715,6,black,Black,0.985,-1.015,0.12405741,0.040499616,0.71353143,0.011022396,0.0,0.0,1,3,0,0,0,0
716,6,black,Black,0.985,-1.015,0.40754652,0.031693667,0.38996658,0.005781848,0.0,0.0,1,3,0,0,0,0
717,6,black,Black,1.485,-1.515,-0.43019405,0.029461555,-0.47837567,0.054764193,0.0,0.0,0,3,0,0,0,0
718,6,black,Black,1.485,-1.515,-0.28331432,0.04286849,-0.36296844,0.054924924,0.0,0.0,0,3,0,0,0,0
719,8,black,Black,0.98,-0.52,-0.16809708,0.010213218,1.7187239,0.11845684,0.0,0.0,0,3,0,1,0,0
720,6,black,Black,1.485,-1.515,0.13743857,0.045946475,-0.38797927,0.060998395,0.0,0.0,0,3,0,0,0,0
721,6,black,Black,1.485,-1.515,0.63435566,0.035873253,-0.6091402,0.041471627,0.0,0.0,0,3,0,0,0,0
722,8,black,Black,0.58,-0.52,-0.12636238,0.13610134,0.25694144,0.07408145,0.0,0.0,2,3,0,0,1,0
723,8,black,Black,0.98,-1.02,0.39452583,0.018992014,0.28944284,0.0010405169,0.0,0.0,1,3,0,0,0,0
724,8,black,Black,0.98,-1.02,0.2083146,0.020152237,0.5331917,0.0028395262,0.0,0.0,1,3,0,0,0,0
725,6,black,Black,0.985,-1.015,-0.091046356,0.012888174,0.038467247,0.0065973005,0.0,0.0,1,3,0,0,0,0
726,8,black,Black,0.98,-1.02,0.2407971,0.017622478,0.27887464,0.02716074,0.0,0.0,1,3,0,0,0,0
727,6,black,Black,1.485,-1.515,-0.38907507,0.06745387,-0.5401608,0.06858067,0.0,0.0,0,3,0,0,0,0
728,6,black,Black,0.985,-1.015,-0.25686184,0.04336344,0.055577714,0.00836227,0.0,0.0,1,3,0,0,0,0
729,6,black,Black,0.985,-1.015,0.42258468,0.008020506,0.55165577,0.0028443148,0.0,0.0,1,3,0,0,0,0
730,6,black,Black,0.985,-1.015,-0.9136811,0.0402413,0.93409413,0.008935906,0.0,0.0,1,3,0,0,0,0
731,6,black,Black,1.985,-1.515,-0.04013403,0.41434062,-0.43324563,0.08278109,0.0,0.0,0,2,1,0,0,0
732,10,black,Black,0.475,-0.525,0.0633646,0.17331864,0.660752,0.118243374,0.0,0.0,2,3,0,0,0,0
733,6,black,Black,0.985,-1.015,0.19617002,0.005960673,-0.27911276,0.0018858466,0.0,0.0,1,3,0,0,0,0
734,6,black,Black,1.485,-1.515,0.44578204,0.069047414,-1.7948502,0.03918143,0.0,0.0,0,3,0,0,0,0
735,8,black,Black,0.98,-1.02,0.23141101,0.0065642605,-0.20965064,0.003021904,0.0,0.0,1,3,0,0,0,0
736,8,black,Black,1.48,-1.52,-0.86584044,0.062225293,-0.75332105,0.032165177,0.0,0.0,0,3,0,0,0,0
737,8,black,Black,1.48,-1.52,0.3531189,0.06680373,0.27342302,0.05326012,0.0,0.0,0,3,0,0,0,0
738,8,black,Black,0.98,-1.02,-0.85982615,0.0134562645,-0.4425648,0.033795934,0.0,0.0,1,3,0,0,0,0
739,6,black,Black,1.485,-1.515,0.0742538,0.05666225,-1.190906,0.03829833,0.0,0.0,0,3,0,0,0,0
740,6,black,Black,0.985,-1.015,0.7988365,0.007971663,-1.5508989,0.006679065,0.0,0.0,1,3,0,0,0,0
741,8,black,Black,0.98,-1.02,-0.15557855,0.017929927,0.46217912,0.015251514,0.0,0.0,1,3,0,0,0,0
742,10,black,Black,1.475,-1.525,0.33345026,0.044914078,-0.44522133,0.03358997,0.0,0.0,0,3,0,0,0,0
743,10,black,Black,0.975,-1.025,-0.14865765,0.009809463,-0.12682295,0.012433388,0.0,0.0,1,3,0,0,0,0
744,6,black,Black,0.985,-1.015,-0.7873209,0.012861456,0.094673015,0.008651163,0.0,0.0,1,3,0,0,0,0
745,6,black,Black,1.485,-1.015,-0.22100592,0.049427915,-0.0033654768,0.016994169,0.0,0.0,1,2,1,0,0,0
746,6,black,Black,0.985,-1.015,-0.36201927,0.017418439,0.65764946,0.015413106,0.0,0.0,1,3,0,0,0,0
747,6,black,Black,0.985,-1.015,-0.2081378,0.016641172,0.13933384,0.012729944,0.0,0.0,1,3,0,0,0,0
748,6,black,Black,0.985,-1.015,0.17092831,0.018422833,0.6880257,0.012589923,0.0,0.0,1,3,0,0,0,0
749,12,black,Black,0.47,-0.53,-0.43734193,0.18158098,0.52493435,0.10807964,0.0,0.0,2,3,0,0,0,0
750,6,black,Black,1.485,-1.515,-0.011175354,0.051317513,-0.15968482,0.034764573,0.0,0.0,0,3,0,0,0,0
751,6,black,Black,1.485,-1.515,-0.22394033,0.053694397,-0.6529209,0.04134844,0.0,0.0,0,3,0,0,0,0
752,8,black,Black,1.48,-1.52,0.1232321,0.030717582,-0.5226973,0.02458452,0.0,0.0,0,3,0,0,0,0
753,10,black,Black,1.475,-1.525,-0.19816145,0.04281059,-0.5903673,0.050919097,0.0,0.0,0,3,0,0,0,0
754,6,black,Black,2.085,-1.515,0.8364865,0.35918388,-0.98256284,0.03445719,0.0,0.0,0,2,1,0,1,0
755,8,black,Black,1.48,-1.52,-0.5998477,0.025147049,0.1610495,0.028862234,0.0,0.0,0,3,0,0,0,0
756,10,black,Black,0.475,-0.525,-0.4261195,0.17460215,0.43788823,0.09489711,0.0,0.0,2,3,0,0,0,0
757,10,black,Black,0.475,-0.525,-0.2989326,0.18017372,0.43254066,0.11142756,0.0,0.0,2,3,0,0,0,0
758,6,black,Black,1.485,-1.515,0.20242918,0.021093676,0.2506508,0.020841999,0.0,0.0,0,3,0,0,0,0
759,8,black,Black,1.48,-1.52,0.22570023,0.016961351,-0.12515408,0.017285552,0.0,0.0,0,3,0,0,0,0
760,8,black,Black,0.48,-0.52,-0.22344106,0.2456439,0.8785193,0.1583243,0.0,0.0,2,3,0,0,0,0
761,6,black,Black,0.985,-1.015,0.83645684,0.04567866,0.69151574,0.014100642,0.0,0.0,1,3,0,0,0,0
762,10,black,Black,0.975,-1.025,-0.07560638,0.04507615,-0.5903111,0.043893002,0.0,0.0,1,3,0,0,0,0
763,6,black,Black,1.485,-1.515,0.2660492,0.028105527,-0.33127466,0.034039605,0.0,0.0,0,3,0,0,0,0
764,8,black,Black,0.48,-0.52,-0.22770682,0.19915229,0.47922072,0.09643247,0.0,0.0,2,3,0,0,0,0
765,12,black,Black,0.97,-0.33,-0.103281654,0.0295546,-0.6045112,0.33239767,0.0,0.0,0,3,0,1,0,2
766,10,black,Black,0.975,-1.025,0.64678496,0.017642478,-0.77678376,0.0109215025,0.0,0.0,1,3,0,0,0,0
767,6,black,Black,0.985,-1.015,-0.381366,0.027729303,0.75348854,0.014305741,0.0,0.0,1,3,0,0,0,0
768,8,black,Black,0.48,-0.52,-0.22204098,0.18567595,0.6077449,0.09867192,0.0,0.0,2,3,0,0,0,0
769,8,black,Black,0.98,-0.52,-0.75346774,0.011149761,0.49544343,0.07696894,0.0,0.0,2,2,1,0,0,0
770,10,black,Black,0.975,0.17499999999999996,-0.25596687,0.0829124,0.16778627,0.61750203,0.0,0.0,1,2,1,1,0,2
771,6,black,Black,0.985,-1.015,0.23054598,0.0065072267,0.21699698,0.0089113815,0.0,0.0,1,3,0,0,0,0
772,6,black,Black,0.985,-1.015,-0.29786047,0.0050526285,-0.41322768,0.021340013,0.0,0.0,1,3,0,0,0,0
773,6,black,Black,1.485,-1.515,-0.10784335,0.09862194,-1.4422189,0.11487157,0.0,0.0,0,3,0,0,0,0
774,6,black,Black,0.485,-0.515,0.46865728,0.09047677,0.4566139,0.024433628,0.0,0.0,2,3,0,0,0,0
775,8,black,Black,0.48,-0.52,-0.7161914,0.088517025,0.18704468,0.049785204,0.0,0.0,2,3,0,0,0,0
776,6,black,Black,1.485,-1.515,-0.50363004,0.123847865,-0.21930559,0.1250671,0.0,0.0,0,3,0,0,0,0
777,10,black,Black,0.975,-1.025,-0.798218,0.045297787,-0.6605789,0.09038115,0.0,0.0,1,3,0,0,0,0
778,6,black,Black,1.485,-1.515,-1.9646634,0.14728296,-0.6833752,0.14217605,0.0,0.0,0,3,0,0,0,0
779,8,black,Black,0.98,-1.02,0.070860356,0.0013565713,-0.28824356,0.00853754,0.0,0.0,1,3,0,0,0,0
780,10,black,Black,0.975,-1.025,0.5104045,0.008388386,0.65073067,0.019664906,0.0,0.0,1,3,0,0,0,0
781,8,black,Black,0.98,-1.02,-0.42577228,0.0020100004,1.2066915,0.009183673,0.0,0.0,1,3,0,0,0,0
782,6,black,Black,0.485,-0.515,-0.9188862,0.066638954,0.4499035,0.02177578,0.0,0.0,2,3,0,0,0,0
783,12,black,Black,1.47,-1.53,-0.13782974,0.1306629,-0.46342325,0.114574164,0.0,0.0,0,3,0,0,0,0
784,8,black,Black,1.08,-0.42000000000000004,-0.7736143,0.05208364,1.61078,0.113427505,0.0,0.0,0,3,0,1,1,1
785,8,black,Black,0.98,-1.02,-0.28737715,0.00033083584,0.36296138,0.006506135,0.0,0.0,1,3,0,0,0,0
786,10,black,Black,0.975,-1.025,0.06847601,0.005524543,0.26350158,0.0017708488,0.0,0.0,1,3,0,0,0,0
787,8,black,Black,0.98,-1.02,0.34194404,0.02523955,0.022816539,0.0047437204,0.0,0.0,1,3,0,0,0,0
788,6,black,Black,1.485,-1.515,0.44238105,0.1152249,-0.3752966,0.07352781,0.0,0.0,0,3,0,0,0,0
789,12,black,Black,0.47,-0.53,-0.45796886,0.052083522,0.32945463,0.04340088,0.0,0.0,2,3,0,0,0,0
790,12,black,Black,1.17,-0.93,-0.35558772,0.01583946,0.9000835,0.007315837,0.0,0.0,1,3,0,0,2,1
791,8,black,Black,1.48,-1.52,-0.5492192,0.10630457,0.16441882,0.08851293,0.0,0.0,0,3,0,0,0,0
792,8,black,Black,0.98,-1.02,0.12938057,0.0036891578,-0.2835973,0.0056880265,0.0,0.0,1,3,0,0,0,0
793,8,black,Black,0.48,0.07999999999999997,-0.24176243,0.13696146,-0.65260243,0.60423744,0.0,0.0,1,3,0,1,0,1
794,8,black,Black,0.98,-1.02,0.1545919,0.013953426,-0.6722731,0.0046772263,0.0,0.0,1,3,0,0,0,0
795,10,black,Black,0.475,-0.525,0.2194608,0.1115457,0.9888216,0.10146233,0.0,0.0,2,3,0,0,0,0
796,10,black,Black,0.975,-1.025,-0.31959367,0.012546142,0.24492602,0.004223761,0.0,0.0,1,3,0,0,0,0
797,10,black,Black,0.975,-1.025,-0.3256621,0.012863331,0.68110764,0.004383949,0.0,0.0,1,3,0,0,0,0
798,10,black,Black,0.975,-1.025,0.27999517,0.0057379873,-0.69516927,0.01001578,0.0,0.0,1,3,0,0,0,0
799,12,black,Black,1.07,-0.43000000000000005,-0.400367,0.006353084,0.6832959,0.11542215,0.0,0.0,0,3,0,1,1,1
800,12,black,Black,0.47,-0.43,-0.18239248,0.15872033,0.049646158,0.16242556,0.0,0.0,2,3,0,0,0,1
801,8,black,Black,0.98,-1.02,-0.0017586648,0.0050507793,0.079153985,0.0021080817,0.0,0.0,1,3,0,0,0,0
802,10,black,Black,1.475,-1.525,0.056699086,0.09064888,0.16547596,0.10255877,0.0,0.0,0,3,0,0,0,0
803,8,black,Black,1.58,-1.42,-0.95246506,0.111238435,-0.21096373,0.0638091,0.0,0.0,0,3,0,0,1,1
804,12,black,Black,0.97,-1.03,-0.46385226,0.0028332432,-0.028974414,0.012421802,0.0,0.0,1,3,0,0,0,0
805,10,black,Black,1.175,-0.825,-0.7834292,0.007652472,0.61424905,0.0062580025,0.0,0.0,1,3,0,0,2,2
806,10,black,Black,0.475,0.07499999999999997,-0.35123006,0.09106238,-0.025712673,0.2216034,0.0,0.0,1,3,0,1,0,1
807,8,black,Black,0.48,-0.52,0.8182081,0.08261128,0.66218036,0.032645453,0.0,0.0,2,3,0,0,0,0
808,12,black,Black,1.47,-1.53,-0.15556718,0.07489034,-0.2839869,0.09702232,0.0,0.0,0,3,0,0,0,0
809,8,black,Black,0.98,-1.02,-0.7783328,0.005021511,0.115802914,0.013056901,0.0,0.0,1,3,0,0,0,0
810,12,black,Black,1.07,-0.93,0.0378685,0.0034444549,-0.0073999665,0.0082814535,0.0,0.0,1,3,0,0,1,1
811,10,black,Black,1.075,-1.025,0.20012704,0.0017548881,-0.01774404,0.011775106,0.0,0.0,1,3,0,0,1,0
812,8,black,Black,1.08,-1.02,-0.97472906,0.0007906925,-0.15178128,0.011705937,0.0,0.0,1,3,0,0,1,0
813,10,black,Black,1.475,-1.525,0.17348887,0.06476381,-0.28394702,0.07175503,0.0,0.0,0,3,0,0,0,0
814,6,black,Black,0.985,-0.515,0.15205657,0.017053334,0.64952725,0.03283098,0.0,0.0,2,2,1,0,0,0
815,6,black,Black,1.485,-1.415,-0.08482877,0.08079823,-0.16072662,0.060039714,0.0,0.0,0,3,0,0,0,1
816,5,black,Black,1.985,-1.01,0.078269675,0.46374092,-0.7014637,0.0029406052,0.0,0.0,1,1,2,0,0,0
817,12,black,Black,0.97,-0.93,-0.25594488,0.0044309353,-0.15558627,0.007368535,0.0,0.0,1,3,0,0,0,1
818,10,black,Black,0.475,-0.525,-0.33515975,0.08983525,0.5784466,0.035101525,0.0,0.0,2,3,0,0,0,0
819,8,black,Black,1.48,-1.52,0.045631588,0.059151985,-0.18863839,0.09231146,0.0,0.0,0,3,0,0,0,0
820,12,black,Black,0.97,-1.03,-0.5527159,0.0072318097,-0.83198094,0.00886579,0.0,0.0,1,3,0,0,0,0
821,12,black,Black,1.07,-0.93,-0.8695588,0.021515958,0.14868422,0.021345777,0.0,0.0,1,3,0,0,1,1
822,12,black,Black,1.07,-1.03,-0.020227233,0.005679399,-0.72805214,0.0043678493,0.0,0.0,1,3,0,0,1,0
823,6,black,Black,2.085,-1.515,-0.2495565,0.44086695,0.10840583,0.08908359,0.0,0.0,0,2,1,0,1,0
824,6,black,Black,0.485,-0.515,-1.2278765,0.13409153,0.51258904,0.049508035,0.0,0.0,2,3,0,0,0,0
825,12,black,Black,1.07,-0.93,-0.23548071,0.013194623,0.35473797,0.0072856345,0.0,0.0,1,3,0,0,1,1
826,12,black,Black,0.47,-0.53,-0.26491824,0.23427822,0.3042558,0.12144654,0.0,0.0,2,3,0,0,0,0
827,10,black,Black,1.975,-1.525,0.41750336,0.33415967,-0.5697199,0.06567928,0.0,0.0,0,2,1,0,0,0
828,8,black,Black,0.98,-0.92,-0.7894174,0.011744236,0.8604317,0.0064950357,0.0,0.0,1,3,0,0,0,1
829,10,black,Black,1.475,-1.525,0.32548204,0.033239476,-0.5984386,0.054449845,0.0,0.0,0,3,0,0,0,0
830,9,black,Black,1.475,-0.92,-0.21260476,0.0757492,-0.12743282,0.021055594,0.0,0.0,1,2,1,0,0,1
831,10,black,Black,0.975,-1.025,-0.23541097,0.027809689,-0.054124214,0.013498637,0.0,0.0,1,3,0,0,0,0
832,12,black,Black,0.47,-0.53,-0.45282528,0.17942518,0.28041387,0.12096766,0.0,0.0,2,3,0,0,0,0
833,10,black,Black,1.475,-1.525,0.4772292,0.029962808,1.0651003,0.06252671,0.0,0.0,0,3,0,0,0,0
834,12,black,Black,0.57,-0.53,0.81776404,0.15926136,-0.021862468,0.10329101,0.0,0.0,2,3,0,0,1,0
835,10,black,Black,0.975,-0.525,0.29095426,0.030754417,0.5105953,0.08325706,0.0,0.0,2,2,1,0,0,0
836,14,black,Black,1.465,-1.535,-0.25318894,0.03652019,-0.56551397,0.055883836,0.0,0.0,0,3,0,0,0,0
837,8,black,Black,1.48,-1.52,0.4198467,0.035847414,-0.58800095,0.03946076,0.0,0.0,0,3,0,0,0,0
838,8,black,Black,1.48,-1.52,0.51171863,0.04264296,0.058062494,0.053148106,0.0,0.0,0,3,0,0,0,0
839,16,black,Black,0.56,0.36,-0.90521955,0.085672215,0.77197206,0.36717373,0.0,0.0,1,3,0,1,1,4
840,8,black,Black,1.48,-1.52,-0.30308455,0.03724439,-0.8955451,0.050704557,0.0,0.0,0,3,0,0,0,0
841,8,black,Black,0.48,-0.52,-0.47425437,0.11990743,0.9875866,0.041314162,0.0,0.0,2,3,0,0,0,0
842,16,black,Black,0.46,-0.44,-0.12795478,0.19591168,0.17333353,0.15713947,0.0,0.0,2,3,0,0,0,1
843,10,black,Black,1.075,-0.925,-0.12664875,0.0063961325,0.37602934,0.010979005,0.0,0.0,1,3,0,0,1,1
844,8,black,Black,0.98,-1.02,0.0872722,0.023498375,0.53412396,0.005646972,0.0,0.0,1,3,0,0,0,0
845,8,black,Black,1.48,-1.52,0.063675314,0.049131077,-0.2907614,0.05045625,0.0,0.0,0,3,0,0,0,0
846,12,black,Black,1.47,-1.43,-0.125015,0.066822834,0.048758745,0.06568363,0.0,0.0,0,3,0,0,0,1
847,6,black,Black,0.985,-1.015,0.07723347,0.018054353,0.0425937,0.016851366,0.0,0.0,1,3,0,0,0,0
848,12,black,Black,0.67,0.06999999999999999,0.0733057,0.14424594,0.57524353,0.5406274,0.0,0.0,1,3,0,1,2,1
849,12,black,Black,1.07,-1.03,0.21736796,0.008548466,0.7479977,0.0039040605,0.0,0.0,1,3,0,0,1,0
850,8,black,Black,0.98,-1.02,-0.21510848,0.013954851,0.43896317,0.0054370705,0.0,0.0,1,3,0,0,0,0
851,10,black,Black,0.975,-1.025,0.023499345,0.026766455,-0.79621047,0.032281697,0.0,0.0,1,3,0,0,0,0
852,14,black,Black,0.965,-0.935,-0.13093317,0.016344156,0.28745288,0.00769816,0.0,0.0,1,3,0,0,0,1
853,10,black,Black,0.475,-0.525,0.0892806,0.15880783,-0.43154365,0.09076639,0.0,0.0,2,3,0,0,0,0
854,8,black,Black,0.98,-1.02,-0.11929172,0.012187481,-0.13285278,0.010153094,0.0,0.0,1,3,0,0,0,0
855,8,black,Black,0.98,-1.02,0.058934897,0.012593683,0.086156785,0.015337564,0.0,0.0,1,3,0,0,0,0
856,6,black,Black,1.485,-1.515,0.27405152,0.107355416,-0.64496005,0.079608575,0.0,0.0,0,3,0,0,0,0
857,8,black,Black,1.48,-1.42,-0.1270861,0.07133503,0.041439652,0.029539075,0.0,0.0,0,3,0,0,0,1
858,8,black,Black,0.98,-1.02,0.36997128,0.021835016,0.19846213,0.0127252955,0.0,0.0,1,3,0,0,0,0
859,10,black,Black,1.475,-1.525,-0.106129706,0.08177327,-0.1501818,0.06368016,0.0,0.0,0,3,0,0,0,0
860,10,black,Black,1.475,-1.525,-0.568412,0.08535938,-0.41031092,0.055533875,0.0,0.0,0,3,0,0,0,0
861,6,black,Black,1.485,-1.515,-1.4715333,0.08578604,-1.3678985,0.07397477,0.0,0.0,0,3,0,0,0,0
862,14,black,Black,0.665,-0.535,-0.06990707,0.032330755,-0.72488976,0.04367516,0.0,0.0,2,3,0,0,2,0
863,10,black,Black,1.175,-1.025,-0.4127938,0.010588746,0.34834254,0.009698811,0.0,0.0,1,3,0,0,2,0
864,6,black,Black,1.485,-1.515,0.05615421,0.07124022,-0.63841695,0.06225602,0.0,0.0,0,3,0,0,0,0
865,8,black,Black,0.48,-0.52,-1.101121,0.06989371,0.19053829,0.028283764,0.0,0.0,2,3,0,0,0,0
866,8,black,Black,1.48,-1.52,0.0584189,0.05287648,-0.7368475,0.02329316,0.0,0.0,0,3,0,0,0,0
867,10,black,Black,0.475,-0.525,-0.09861722,0.13288629,0.349293,0.08825593,0.0,0.0,2,3,0,0,0,0
868,6,black,Black,1.485,-1.515,0.5339346,0.03919316,-0.9173658,0.029534077,0.0,0.0,0,3,0,0,0,0
869,10,black,Black,1.475,-1.525,0.48341686,0.036309693,-0.7897217,0.023076376,0.0,0.0,0,3,0,0,0,0
870,8,black,Black,1.08,-1.02,-0.041475624,0.0058019245,0.50705683,0.012855377,0.0,0.0,1,3,0,0,1,0
871,12,black,Black,0.97,-1.03,-0.58345354,0.019602379,0.32588932,0.02038317,0.0,0.0,1,3,0,0,0,0
872,12,black,Black,0.97,-0.93,-0.01844146,0.034205448,0.37403998,0.07132326,0.0,0.0,1,3,0,0,0,1
873,12,black,Black,0.97,-1.03,-0.06523671,0.035539657,0.11083794,0.040051617,0.0,0.0,1,3,0,0,0,0
874,8,black,Black,1.48,-1.52,0.13537323,0.020601146,-0.1029533,0.011149388,0.0,0.0,0,3,0,0,0,0
875,8,black,Black,1.48,-1.52,0.17417857,0.029510748,-0.24957374,0.022094136,0.0,0.0,0,3,0,0,0,0
876,12,black,Black,1.07,-1.03,0.61291987,0.017242892,0.24478471,0.034604676,0.0,0.0,1,3,0,0,1,0
877,10,black,Black,1.475,-1.525,-0.1718162,0.020605043,-0.81440604,0.021068214,0.0,0.0,0,3,0,0,0,0
878,6,black,Black,1.485,-1.515,0.5380082,0.024166962,0.3540112,0.02807779,0.0,0.0,0,3,0,0,0,0
879,10,black,Black,0.475,-0.525,-0.41984805,0.1304206,0.40238208,0.06426359,0.0,0.0,2,3,0,0,0,0
880,12,black,Black,0.47,-0.53,-0.2834216,0.1517502,1.0658388,0.08889761,0.0,0.0,2,3,0,0,0,0
881,8,black,Black,1.48,-1.52,-0.13496351,0.01762801,-0.55458456,0.023445703,0.0,0.0,0,3,0,0,0,0
882,12,black,Black,0.97,-0.93,-0.20583208,0.023774603,0.5241995,0.032895252,0.0,0.0,1,3,0,0,0,1
883,6,black,Black,1.485,-1.515,0.21251757,0.026592666,-0.7106776,0.029151313,0.0,0.0,0,3,0,0,0,0
884,6,black,Black,1.985,-1.515,-0.1340344,0.32976165,-0.501201,0.03745608,0.0,0.0,0,2,1,0,0,0
885,8,black,Black,0.98,-1.02,-1.7291439,0.06728045,0.21014076,0.044859435,0.0,0.0,1,3,0,0,0,0
886,10,black,Black,1.475,-1.525,0.5822297,0.024547052,0.40224582,0.023665989,0.0,0.0,0,3,0,0,0,0
887,8,black,Black,0.98,-1.02,-0.39241248,0.017080447,-0.68647516,0.014838991,0.0,0.0,1,3,0,0,0,0
888,10,black,Black,0.975,-1.025,-0.06379642,0.026531812,0.096824646,0.01958565,0.0,0.0,1,3,0,0,0,0
889,14,black,Black,0.965,-0.43500000000000005,-0.3565233,0.02815783,1.1220176,0.22819519,0.0,0.0,0,3,0,1,0,1
890,10,black,Black,0.975,-1.025,0.08958032,0.027340213,-0.17033973,0.022125058,0.0,0.0,1,3,0,0,0,0
891,8,black,Black,1.98,-1.52,0.15251379,0.29653245,-0.2737186,0.043886982,0.0,0.0,0,2,1,0,0,0
892,10,black,Black,1.575,-1.525,0.07523044,0.04124559,-0.07796081,0.027597804,0.0,0.0,0,3,0,0,1,0
893,6,black,Black,1.485,-1.515,0.067931615,0.020834697,-0.49712715,0.021774948,0.0,0.0,0,3,0,0,0,0
894,8,black,Black,1.48,-1.52,0.027271874,0.015520136,0.7221908,0.019333206,0.0,0.0,0,3,0,0,0,0
895,10,black,Black,0.975,-1.025,-0.3982634,0.018409353,-0.039869823,0.01395115,0.0,0.0,1,3,0,0,0,0
896,10,black,Black,1.475,-1.525,-0.2587993,0.009290012,-0.30596074,0.011183918,0.0,0.0,0,3,0,0,0,0
897,10,black,Black,0.575,-0.525,0.053066682,0.19154784,1.0023568,0.14719218,0.0,0.0,2,3,0,0,1,0
898,6,black,Black,0.985,-1.015,0.9173011,0.044433374,0.52791375,0.01558523,0.0,0.0,1,3,0,0,0,0
899,8,black,Black,0.98,-1.02,0.12795275,0.06753183,0.49716407,0.038844183,0.0,0.0,1,3,0,0,0,0
900,10,black,Black,0.975,-1.025,-0.53639305,0.0689459,-0.321026,0.049201313,0.0,0.0,1,3,0,0,0,0
901,8,black,Black,0.48,-0.52,-0.1483897,0.15320434,0.98327845,0.085981905,0.0,0.0,2,3,0,0,0,0
902,8,black,Black,1.48,-1.52,0.74403,0.02720327,-0.35304028,0.027876511,0.0,0.0,0,3,0,0,0,0
903,10,black,Black,0.975,-1.025,0.1056303,0.017654369,0.06152792,0.010316819,0.0,0.0,1,3,0,0,0,0
904,8,black,Black,1.48,-1.52,-0.13562572,0.020543337,-0.59518725,0.021985712,0.0,0.0,0,3,0,0,0,0
905,10,black,Black,0.975,-0.925,-0.64924395,0.030777028,-0.68448323,0.030553946,0.0,0.0,1,3,0,0,0,1
906,6,black,Black,1.485,-1.515,-0.71776056,0.029964576,-0.090563536,0.022812804,0.0,0.0,0,3,0,0,0,0
907,8,black,Black,1.48,-1.52,0.19406207,0.046838727,-0.28086394,0.052355718,0.0,0.0,0,3,0,0,0,0
908,10,black,Black,1.075,-1.025,0.22837384,0.016536307,-0.34965473,0.01568627,0.0,0.0,1,3,0,0,1,0
909,8,black,Black,2.08,-1.52,0.45013356,0.34167722,-0.34643584,0.03908719,0.0,0.0,0,2,1,0,1,0
910,8,black,Black,1.48,-1.52,-0.6919245,0.023648571,-0.25299853,0.02004451,0.0,0.0,0,3,0,0,0,0
911,14,black,Black,0.465,-0.435,-0.15924573,0.25943723,0.37396392,0.2807593,0.0,0.0,2,3,0,0,0,1
912,12,black,Black,1.57,-1.43,0.35706535,0.050768036,-0.3945774,0.032749984,0.0,0.0,0,3,0,0,1,1
913,6,black,Black,1.485,-1.515,0.2613109,0.028447738,-0.7459714,0.017635128,0.0,0.0,0,3,0,0,0,0
914,15,white,Black,-0.54,1.065,-0.042466834,1.0305042,0.35544062,1.6752595,0.0,0.0,2,2,0,1,0,1
915,10,black,Black,0.975,-1.025,-0.67567474,0.017927906,-0.8389391,0.009258243,0.0,0.0,1,3,0,0,0,0
916,8,black,Black,0.98,-1.02,0.92984784,0.022723619,-0.70994526,0.02024447,0.0,0.0,1,3,0,0,0,0
917,8,black,Black,1.48,-1.52,-0.4319686,0.020664293,-1.113867,0.017904459,0.0,0.0,0,3,0,0,0,0
918,10,black,Black,1.475,-1.525,-0.11008465,0.035304096,0.70232385,0.028597519,0.0,0.0,0,3,0,0,0,0
919,10,black,Black,0.975,-1.025,0.4655475,0.03872427,-0.7161806,0.04307129,0.0,0.0,1,3,0,0,0,0
920,14,black,Black,0.465,-0.535,-0.050811358,0.1305094,0.60534924,0.11252477,0.0,0.0,2,3,0,0,0,0
921,8,black,Black,1.48,-1.52,0.39794126,0.020016406,0.12948102,0.017549595,0.0,0.0,0,3,0,0,0,0
922,12,black,Black,1.57,-1.53,0.52348447,0.05146711,-0.17011142,0.030259073,0.0,0.0,0,3,0,0,1,0
923,8,black,Black,2.08,-1.52,-0.18249807,0.29112667,0.5188326,0.021648739,0.0,0.0,0,2,1,0,1,0
924,8,black,Black,1.48,-1.42,0.29975012,0.027895726,-1.54374,0.011279746,0.0,0.0,0,3,0,0,0,1
925,10,black,Black,1.475,-1.525,0.251455,0.019727862,-0.3705646,0.021309849,0.0,0.0,0,3,0,0,0,0
926,8,black,Black,1.08,-1.02,0.3695246,0.02385045,0.49784988,0.023234986,0.0,0.0,1,3,0,0,1,0
927,10,black,Black,1.075,-0.925,0.19797397,0.020539429,0.049892474,0.045763068,0.0,0.0,1,3,0,0,1,1
928,10,black,Black,1.475,-1.525,-0.2588633,0.016235372,-0.39854258,0.019826923,0.0,0.0,0,3,0,0,0,0
929,10,black,Black,0.975,-1.025,0.042253256,0.039472133,-0.6327379,0.021739548,0.0,0.0,1,3,0,0,0,0
930,12,black,Black,0.97,-1.03,0.57219267,0.035922825,0.100379385,0.020919101,0.0,0.0,1,3,0,0,0,0
931,10,black,Black,0.975,-1.025,-0.17487702,0.033242885,0.6144916,0.013026173,0.0,0.0,1,3,0,0,0,0
932,10,black,Black,0.975,-1.025,0.3403344,0.050200284,1.0524318,0.03614954,0.0,0.0,1,3,0,0,0,0
933,10,black,Black,0.975,-1.025,0.21804667,0.028018346,-0.53372544,0.018659618,0.0,0.0,1,3,0,0,0,0
934,12,black,Black,1.47,-1.53,-0.051476,0.013140608,-0.44763768,0.026368963,0.0,0.0,0,3,0,0,0,0
935,8,black,Black,0.98,-1.02,-0.16502976,0.043035768,0.4542758,0.020473914,0.0,0.0,1,3,0,0,0,0
936,10,black,Black,2.075,-1.425,-0.065517165,0.33362263,-0.49540386,0.021153014,0.0,0.0,0,2,1,0,1,1
937,12,black,Black,0.57,-0.33,-0.774587,0.19036959,-0.013592879,0.2681671,0.0,0.0,2,3,0,0,1,2
938,8,black,Black,1.48,-1.52,0.5733472,0.023085581,-0.4992709,0.034577236,0.0,0.0,0,3,0,0,0,0
939,12,black,Black,1.47,-1.53,-0.16242312,0.031658243,-0.81663346,0.035310846,0.0,0.0,0,3,0,0,0,0
940,12,black,Black,0.47,-0.53,-1.3963045,0.100919984,-0.00020543735,0.049333632,0.0,0.0,2,3,0,0,0,0
941,10,black,Black,1.475,-1.525,0.11893977,0.021099502,-1.2099335,0.02433746,0.0,0.0,0,3,0,0,0,0
942,10,black,Black,0.975,-1.025,-0.30210367,0.03205999,0.63597757,0.020238776,0.0,0.0,1,3,0,0,0,0
943,10,black,Black,1.475,-1.525,0.32415855,0.025718097,-0.85928553,0.024891421,0.0,0.0,0,3,0,0,0,0
944,12,black,Black,0.97,-1.03,-0.14636517,0.019882636,-0.231137,0.009111889,0.0,0.0,1,3,0,0,0,0
945,10,black,Black,0.975,-1.025,-0.04758749,0.034962192,0.24984774,0.021343049,0.0,0.0,1,3,0,0,0,0
946,10,black,Black,0.975,-1.025,0.06386935,0.024659973,0.39394683,0.019251734,0.0,0.0,1,3,0,0,0,0
947,8,black,Black,1.48,-1.52,-0.13522564,0.026194945,-0.13952824,0.019065185,0.0,0.0,0,3,0,0,0,0
948,10,black,Black,0.975,-1.025,0.8126982,0.025692308,0.8667072,0.028676217,0.0,0.0,1,3,0,0,0,0
949,12,black,Black,1.67,-1.53,-0.10851959,0.10063094,-0.17951007,0.037665054,0.0,0.0,0,3,0,0,2,0
950,10,black,Black,1.475,-1.525,0.7411593,0.05160714,-0.09920301,0.040888585,0.0,0.0,0,3,0,0,0,0
951,10,black,Black,0.975,-1.025,-0.628044,0.032688595,-0.2657929,0.020257248,0.0,0.0,1,3,0,0,0,0
952,12,black,Black,1.47,-1.53,0.2605066,0.020536607,-0.43662223,0.01726443,0.0,0.0,0,3,0,0,0,0
953,6,black,Black,1.485,-1.515,0.12517841,0.030241301,-0.9932117,0.020673307,0.0,0.0,0,3,0,0,0,0
954,12,black,Black,1.07,-1.03,-0.29390216,0.022010848,0.1084282,0.023897372,0.0,0.0,1,3,0,0,1,0
955,10,black,Black,0.975,-1.025,0.29103103,0.022635518,0.3115132,0.00383003,0.0,0.0,1,3,0,0,0,0
956,10,black,Black,1.475,-1.525,0.09038429,0.022191357,-0.010916328,0.018513484,0.0,0.0,0,3,0,0,0,0
957,14,black,Black,0.965,-1.035,-0.38589293,0.03736932,-0.085001335,0.062266268,0.0,0.0,1,3,0,0,0,0
958,8,black,Black,0.48,-0.52,-0.5610434,0.11219714,0.35186502,0.08262337,0.0,0.0,2,3,0,0,0,0
959,12,black,Black,1.57,-1.53,0.22615181,0.046120692,-0.5850589,0.022876421,0.0,0.0,0,3,0,0,1,0
960,12,black,Black,0.97,-1.03,-0.10861652,0.033804856,-0.03332582,0.030597955,0.0,0.0,1,3,0,0,0,0
961,10,black,Black,1.575,-0.325,-0.4317318,0.058476917,-0.2323738,0.35827807,0.0,0.0,0,2,1,1,1,2
962,12,black,Black,0.97,-1.03,0.24817884,0.025827892,0.035039783,0.012690653,0.0,0.0,1,3,0,0,0,0
963,10,black,Black,1.475,-1.525,-0.012694478,0.020971984,-0.5109557,0.021860953,0.0,0.0,0,3,0,0,0,0
964,10,black,Black,1.075,-1.025,-0.08711755,0.02366901,-0.21984243,0.020850291,0.0,0.0,1,3,0,0,1,0
965,10,black,Black,0.975,-1.025,0.39701015,0.046031043,0.8782851,0.034656476,0.0,0.0,1,3,0,0,0,0
966,10,black,Black,0.975,-1.025,-0.18664625,0.03751786,-0.3014297,0.02985096,0.0,0.0,1,3,0,0,0,0
967,10,black,Black,1.475,-1.525,0.13116714,0.027019834,-0.5401126,0.027690431,0.0,0.0,0,3,0,0,0,0
968,8,black,Black,0.98,-1.02,-0.040607035,0.027649663,1.080802,0.011295743,0.0,0.0,1,3,0,0,0,0
969,10,black,Black,0.975,-1.025,-0.51121426,0.027054941,-0.027104903,0.008767197,0.0,0.0,1,3,0,0,0,0
970,14,black,Black,1.465,-1.435,-0.086939946,0.042692743,-0.51189727,0.05438728,0.0,0.0,0,3,0,0,0,1
971,7,black,Black,1.98,-1.515,-0.38673693,0.27179268,-0.9687856,0.051830973,0.0,0.0,0,2,1,0,0,0
972,10,black,Black,1.475,-1.525,0.0044377567,0.030257383,-0.69356346,0.05819838,0.0,0.0,0,3,0,0,0,0
973,15,white,Black,-0.34,0.465,-0.069360554,0.883253,0.77639484,0.89830047,0.0,0.0,3,2,0,0,2,0
974,10,black,Black,1.475,-1.525,0.024877738,0.03233985,0.048289586,0.05832053,0.0,0.0,0,3,0,0,0,0
975,14,black,Black,0.565,-0.535,-0.12525027,0.18432014,0.5181235,0.11540299,0.0,0.0,2,3,0,0,1,0
976,12,black,Black,0.57,-0.43,-0.36981702,0.21139872,0.69232863,0.20834893,0.0,0.0,2,3,0,0,1,1
977,8,black,Black,0.98,-1.02,-0.15655369,0.026212212,0.6478083,0.00996091,0.0,0.0,1,3,0,0,0,0
978,12,black,Black,0.97,-0.83,-0.48523057,0.018053057,-0.3339883,0.053287823,0.0,0.0,1,3,0,0,0,2
979,10,black,Black,1.475,-1.525,0.029323816,0.03239226,-0.14316568,0.04414145,0.0,0.0,0,3,0,0,0,0
980,12,black,Black,0.97,-1.03,0.020405373,0.02215608,0.41191617,0.014136988,0.0,0.0,1,3,0,0,0,0
981,10,black,Black,1.475,-1.525,-0.33159885,0.038414355,0.005703807,0.052144013,0.0,0.0,0,3,0,0,0,0
982,8,black,Black,1.48,-1.52,-0.45659333,0.036366463,-0.45668307,0.04277201,0.0,0.0,0,3,0,0,0,0
983,10,black,Black,1.575,-1.525,0.29634276,0.07463632,-0.5266336,0.043532174,0.0,0.0,0,3,0,0,1,0
984,12,black,Black,0.97,-1.03,0.27450475,0.020614212,-0.23217405,0.014175576,0.0,0.0,1,3,0,0,0,0
985,10,black,Black,1.475,-1.525,-0.03973458,0.04419475,0.13664547,0.062214456,0.0,0.0,0,3,0,0,0,0
986,10,black,Black,0.975,-1.025,0.20832701,0.017294962,-0.09632776,0.0065372875,0.0,0.0,1,3,0,0,0,0
987,12,black,Black,1.47,-1.43,0.53401357,0.030962631,-0.42122316,0.012513739,0.0,0.0,0,3,0,0,0,1
988,12,black,Black,0.47,-0.53,-0.34789333,0.12304765,0.61924165,0.06490638,0.0,0.0,2,3,0,0,0,0
989,10,black,Black,1.075,-1.025,-0.09304528,0.010888951,0.36401623,0.016096558,0.0,0.0,1,3,0,0,1,0
990,12,black,Black,1.07,-1.03,0.603738,0.011311817,0.4484786,0.014629581,0.0,0.0,1,3,0,0,1,0
991,10,black,Black,1.475,-1.525,0.007907057,0.031503476,-0.14166851,0.0313446,0.0,0.0,0,3,0,0,0,0
992,10,black,Black,1.075,-0.825,0.6532533,0.024061684,0.36052737,0.06787042,0.0,0.0,1,3,0,0,1,2
993,8,black,Black,1.48,-1.52,0.8640295,0.02146469,-1.7499006,0.009267522,0.0,0.0,0,3,0,0,0,0
994,12,black,Black,0.57,-0.53,-0.60821193,0.19315599,0.2274683,0.17532943,0.0,0.0,2,3,0,0,1,0
995,8,black,Black,0.98,-1.02,-0.7986939,0.01861564,1.4826281,0.010137894,0.0,0.0,1,3,0,0,0,0
996,10,black,Black,1.075,-1.025,-0.66316605,0.012770729,0.5208854,0.016768128,0.0,0.0,1,3,0,0,1,0
997,12,black,Black,1.57,-0.93,-0.41755414,0.042836234,-0.7765544,0.04806891,0.0,0.0,1,2,1,0,1,1
998,7,black,Black,1.98,-1.515,0.38521242,0.27332395,0.23052353,0.029434135,0.0,0.0,0,2,1,0,0,0
999,12,black,Black,1.47,-1.53,-0.5729099,0.017041212,0.23644893,0.017635828,0.0,0.0,0,3,0,0,0,0
1000,10,black,Black,1.475,-1.525,0.7126819,0.03484418,-0.112587884,0.03425259,0.0,0.0,0,3,0,0,0,0
1001,8,black,Black,0.98,-1.02,-0.94751835,0.021128222,0.14190286,0.007660084,0.0,0.0,1,3,0,0,0,0
1002,10,black,Black,1.475,-1.525,0.2126795,0.020771893,-0.8309377,0.030184636,0.0,0.0,0,3,0,0,0,0
1003,12,black,Black,0.57,-0.030000000000000006,0.06488884,0.082358204,0.2687503,0.23486589,0.0,0.0,1,3,0,1,1,0
1004,10,black,Black,1.475,-1.525,0.16774282,0.020496976,-0.3565424,0.020669587,0.0,0.0,0,3,0,0,0,0
1005,10,black,Black,0.975,-1.025,-0.3969192,0.044871025,0.012062455,0.02083449,0.0,0.0,1,3,0,0,0,0
1006,10,black,Black,1.475,-1.525,0.6274621,0.017439272,-1.236261,0.022886992,0.0,0.0,0,3,0,0,0,0
1007,5,black,Black,2.485,-1.51,-0.99133295,0.54326606,-1.3912375,0.025697092,0.0,0.0,0,1,2,0,0,0
1008,8,black,Black,0.98,-1.02,0.27861223,0.056665074,-0.12817965,0.022734128,0.0,0.0,1,3,0,0,0,0
1009,12,black,Black,1.47,-1.53,0.350238,0.027526313,-0.5349467,0.04926492,0.0,0.0,0,3,0,0,0,0
1010,6,black,Black,1.485,-1.515,0.15405178,0.026219197,0.11528549,0.035306487,0.0,0.0,0,3,0,0,0,0
1011,10,black,Black,0.975,-1.025,-0.8654138,0.045926634,0.583816,0.017928783,0.0,0.0,1,3,0,0,0,0
1012,12,black,Black,1.07,-0.93,-0.36718717,0.024137476,0.41809687,0.033667456,0.0,0.0,1,3,0,0,1,1
1013,12,black,Black,0.97,-1.03,0.031438548,0.080704555,0.3792026,0.038375136,0.0,0.0,1,3,0,0,0,0
1014,11,white,Black,-0.53,1.075,-0.20993774,0.9423213,0.114175536,1.3008349,0.0,0.0,2,2,0,1,0,1
1015,10,black,Black,1.075,-1.025,-0.36248103,0.02492885,0.16504164,0.012187825,0.0,0.0,1,3,0,0,1,0
1016,10,black,Black,1.475,-1.525,-0.65771645,0.020999983,-0.39063224,0.0375883,0.0,0.0,0,3,0,0,0,0
1017,12,black,Black,1.77,-1.43,-0.1709131,0.10724321,0.20350589,0.026085615,0.0,0.0,0,3,0,0,3,1
1018,12,black,Black,0.97,-0.93,-0.35197178,0.033740465,-0.21451807,0.021488352,0.0,0.0,1,3,0,0,0,1
1019,14,black,Black,0.965,-0.935,-0.5212632,0.018632654,-0.022127423,0.030659791,0.0,0.0,1,3,0,0,0,1
1020,14,black,Black,0.965,-1.035,-0.35785645,0.027984768,-0.014947772,0.020201737,0.0,0.0,1,3,0,0,0,0
1021,11,black,Black,1.97,-1.525,-0.06287795,0.26580182,-0.931604,0.05961462,0.0,0.0,0,2,1,0,0,0
1022,8,black,Black,1.48,-1.52,0.27087116,0.021500666,-0.5485039,0.03469856,0.0,0.0,0,3,0,0,0,0
1023,12,black,Black,0.47,-0.53,-0.3483516,0.2253532,0.34065565,0.13452972,0.0,0.0,2,3,0,0,0,0
1024,8,black,Black,1.48,-1.52,0.680208,0.021564834,0.47599486,0.035052195,0.0,0.0,0,3,0,0,0,0
1025,10,black,Black,1.075,-0.925,0.05547619,0.025247991,0.3159574,0.025928205,0.0,0.0,1,3,0,0,1,1
1026,8,black,Black,0.98,-1.02,-0.14299011,0.016916497,0.24110317,0.014022875,0.0,0.0,1,3,0,0,0,0
1027,10,black,Black,0.975,-1.025,-0.6308204,0.034667738,0.56236273,0.01541619,0.0,0.0,1,3,0,0,0,0
1028,10,black,Black,0.475,-0.525,-0.43740612,0.16005026,0.2561683,0.1030408,0.0,0.0,2,3,0,0,0,0
1029,10,black,Black,0.975,-1.025,-0.10274978,0.019270282,-0.6541222,0.008033404,0.0,0.0,1,3,0,0,0,0
1030,6,black,Black,1.485,-1.515,-0.07020688,0.019364798,-1.0708481,0.018472647,0.0,0.0,0,3,0,0,0,0
1031,10,black,Black,1.475,-1.525,-0.63548017,0.022243084,-0.53892094,0.030664206,0.0,0.0,0,3,0,0,0,0
1032,10,black,Black,1.475,-1.525,-0.26473713,0.02828896,-0.008237695,0.031210879,0.0,0.0,0,3,0,0,0,0
1033,12,black,Black,0.97,-1.03,0.23233873,0.020860797,-0.7905288,0.00909236,0.0,0.0,1,3,0,0,0,0
1034,8,black,Black,0.98,-1.02,-0.590292,0.027803717,0.07907142,0.042676345,0.0,0.0,1,3,0,0,0,0
1035,12,black,Black,0.47,-0.53,-0.42367506,0.12144423,0.6768748,0.09317177,0.0,0.0,2,3,0,0,0,0
1036,12,black,Black,0.97,-0.93,-0.0018935204,0.01434084,-0.018176476,0.0292397,0.0,0.0,1,3,0,0,0,1
1037,8,black,Black,1.48,-1.52,0.12526846,0.040844284,-0.46578124,0.04037549,0.0,0.0,0,3,0,0,0,0
1038,10,black,Black,0.975,-1.025,-0.25555912,0.047935616,-0.271663,0.044755336,0.0,0.0,1,3,0,0,0,0
1039,10,black,Black,1.175,-0.925,0.30046862,0.0036531645,0.5544083,0.011047693,0.0,0.0,1,3,0,0,2,1
1040,10,black,Black,1.575,-1.525,-0.3010146,0.08117598,-0.56934965,0.061588276,0.0,0.0,0,3,0,0,1,0
1041,12,black,Black,1.47,-1.43,0.41323248,0.059075337,-0.44892898,0.05889212,0.0,0.0,0,3,0,0,0,1
1042,8,black,Black,1.48,-1.52,0.22702836,0.055084452,-0.28291795,0.052676983,0.0,0.0,0,3,0,0,0,0
1043,14,black,Black,1.565,-1.335,0.40498573,0.067103304,-0.3014985,0.012691513,0.0,0.0,0,3,0,0,1,2
1044,10,black,Black,0.975,-1.025,-0.012402463,0.009206358,0.022720253,0.0049934913,0.0,0.0,1,3,0,0,0,0
1045,10,black,Black,2.075,-1.525,-0.27523932,0.1914837,-0.5035187,0.036781114,0.0,0.0,0,2,1,0,1,0
1046,10,black,Black,1.575,-1.525,-0.21601757,0.05154574,-1.0477676,0.026248833,0.0,0.0,0,3,0,0,1,0
1047,10,black,Black,0.975,-1.025,-0.51767504,0.013577846,0.33069798,0.009076706,0.0,0.0,1,3,0,0,0,0
1048,10,black,Black,1.075,-1.025,-0.459436,0.017044848,1.0569601,0.02742908,0.0,0.0,1,3,0,0,1,0
1049,12,black,Black,1.07,-0.93,0.22737883,0.023100367,0.050410192,0.04686318,0.0,0.0,1,3,0,0,1,1
1050,12,black,Black,0.97,-1.03,0.17747577,0.016443823,-0.06382746,0.005575865,0.0,0.0,1,3,0,0,0,0
1051,10,black,Black,1.475,-1.525,-0.23400173,0.02301541,-0.57883406,0.0210402,0.0,0.0,0,3,0,0,0,0
1052,8,black,Black,0.98,-1.02,-0.7872592,0.05745406,0.2862376,0.03304127,0.0,0.0,1,3,0,0,0,0
1053,8,black,Black,1.48,-1.52,-0.36043775,0.013224667,-0.540036,0.019254379,0.0,0.0,0,3,0,0,0,0
1054,12,black,Black,0.97,-0.43000000000000005,0.5955468,0.016816333,0.28397158,0.11679111,0.0,0.0,0,3,0,1,0,1
1055,12,black,Black,0.97,-0.93,-0.47172332,0.024444101,-0.2164974,0.027554853,0.0,0.0,1,3,0,0,0,1
1056,10,black,Black,1.575,-1.525,0.3359357,0.026149672,-0.76611835,0.017049983,0.0,0.0,0,3,0,0,1,0
1057,10,black,Black,1.075,-1.025,-0.05588149,0.035966963,0.22351208,0.007974153,0.0,0.0,1,3,0,0,1,0
1058,14,black,Black,0.465,-0.335,0.5033869,0.26919168,0.4983708,0.23787645,0.0,0.0,2,3,0,0,0,2
1059,10,black,Black,0.975,-1.025,-0.71067727,0.025041366,-0.1941091,0.012979078,0.0,0.0,1,3,0,0,0,0
1060,12,black,Black,0.97,-0.83,0.24166213,0.042228024,-0.14836325,0.030283347,0.0,0.0,1,3,0,0,0,2
1061,10,black,Black,1.475,-1.525,-0.4421378,0.014881613,-0.1752892,0.025206393,0.0,0.0,0,3,0,0,0,0
1062,8,black,Black,1.48,-1.52,0.8257586,0.023318242,-0.26824963,0.041034944,0.0,0.0,0,3,0,0,0,0
1063,12,black,Black,0.97,-1.03,0.19300634,0.024331527,0.5367041,0.005363772,0.0,0.0,1,3,0,0,0,0
1064,15,white,Black,-0.54,0.565,-0.11813426,0.8673154,-0.36595255,0.8254465,0.0,0.0,3,2,0,0,0,1
1065,14,black,Black,1.465,-1.435,0.5179308,0.016658247,-0.63945514,0.0063494644,0.0,0.0,0,3,0,0,0,1
1066,12,black,Black,0.97,-1.03,-0.11435088,0.03868733,0.2799799,0.009832256,0.0,0.0,1,3,0,0,0,0
1067,10,black,Black,0.975,-1.025,-0.56043434,0.022799324,-0.40291333,0.011965119,0.0,0.0,1,3,0,0,0,0
1068,12,black,Black,0.97,-1.03,0.14168596,0.03733347,0.47074685,0.01714994,0.0,0.0,1,3,0,0,0,0
1069,12,black,Black,1.47,-1.53,0.21973915,0.038902234,-0.007456144,0.036515225,0.0,0.0,0,3,0,0,0,0
1070,6,black,Black,1.485,-1.515,-0.36953893,0.034112994,-0.10589608,0.032407146,0.0,0.0,0,3,0,0,0,0
1071,8,black,Black,0.98,-1.02,-0.22432147,0.042887177,0.14661177,0.03186391,0.0,0.0,1,3,0,0,0,0
1072,8,black,Black,0.98,-1.02,0.050626516,0.040552527,0.19462511,0.028375648,0.0,0.0,1,3,0,0,0,0
1073,10,black,Black,0.475,-0.525,-0.14004898,0.20115201,-0.39382678,0.17370965,0.0,0.0,2,3,0,0,0,0
1074,10,black,Black,1.075,-1.025,0.09024312,0.010309968,-0.22968416,0.020726856,0.0,0.0,1,3,0,0,1,0
1075,10,black,Black,1.475,-1.525,0.04348596,0.05315029,0.26230988,0.0334319,0.0,0.0,0,3,0,0,0,0
1076,14,black,Black,0.465,-0.435,0.1192578,0.1269079,0.5853034,0.092330374,0.0,0.0,2,3,0,0,0,1
1077,10,black,Black,1.475,-1.525,0.22095671,0.051971156,-0.79626215,0.036599245,0.0,0.0,0,3,0,0,0,0
1078,12,black,Black,1.47,-1.53,-0.20034377,0.07709644,-0.45473894,0.07613679,0.0,0.0,0,3,0,0,0,0
1079,8,black,Black,1.48,-1.52,0.6990249,0.05853492,-0.35055104,0.044760656,0.0,0.0,0,3,0,0,0,0
1080,6,black,Black,1.485,-1.515,0.29205552,0.06810133,0.7432057,0.048623916,0.0,0.0,0,3,0,0,0,0
1081,6,black,Black,1.485,-1.515,-0.20666073,0.057990853,0.0056996346,0.056581095,0.0,0.0,0,3,0,0,0,0
1082,10,black,Black,1.175,-1.025,0.22841994,0.00975925,0.453333,0.009110863,0.0,0.0,1,3,0,0,2,0
1083,12,black,Black,1.47,-1.53,-0.19122283,0.06153655,-0.22181682,0.064060904,0.0,0.0,0,3,0,0,0,0
1084,14,black,Black,1.065,-0.935,0.1258098,0.0068404167,-0.36832824,0.008866256,0.0,0.0,1,3,0,0,1,1
1085,10,black,Black,0.475,-0.525,-0.5512819,0.1369566,-0.106041476,0.09016139,0.0,0.0,2,3,0,0,0,0
1086,10,black,Black,0.975,-0.42500000000000004,-0.54542,0.030698026,0.42592186,0.35172087,0.0,0.0,0,3,0,1,0,1
1087,12,black,Black,0.47,0.06999999999999998,-0.3378891,0.15746914,1.0157233,0.5074377,0.0,0.0,1,3,0,1,0,1
1088,10,black,Black,0.975,-0.525,-0.6437127,0.039641757,0.31391823,0.033111,0.0,0.0,2,2,1,0,0,0
1089,12,black,Black,0.47,-0.53,-0.8670544,0.094785,-0.35052887,0.064679824,0.0,0.0,2,3,0,0,0,0
1090,10,black,Black,1.675,-1.025,0.07456045,0.13958137,-0.37699,0.009814976,0.0,0.0,1,2,1,0,2,0
1091,12,black,Black,1.47,-1.53,0.15909827,0.04876094,-0.30886245,0.051455002,0.0,0.0,0,3,0,0,0,0
1092,7,white,Black,-1.02,0.985,-1.1664884,1.3194964,0.70947695,1.1724025,0.0,0.0,3,1,0,0,0,0
1093,10,black,Black,1.475,-1.525,-0.1613714,0.05252599,-0.26127917,0.043509632,0.0,0.0,0,3,0,0,0,0
1094,12,black,Black,1.07,-1.03,0.9302025,0.013431299,0.19459228,0.018252946,0.0,0.0,1,3,0,0,1,0
1095,10,black,Black,1.475,-1.525,0.031028867,0.03829611,-0.39847276,0.037920658,0.0,0.0,0,3,0,0,0,0
1096,10,black,Black,0.975,-0.925,0.7268904,0.032719493,0.0746419,0.04593823,0.0,0.0,1,3,0,0,0,1
1097,8,black,Black,1.48,-1.42,-0.023373038,0.039017353,-0.9251607,0.018557325,0.0,0.0,0,3,0,0,0,1
1098,8,black,Black,1.48,-1.52,-0.40453824,0.03834164,-0.48243243,0.0430541,0.0,0.0,0,3,0,0,0,0
1099,10,black,Black,0.975,-1.025,-0.19365497,0.023626676,0.35312274,0.01567637,0.0,0.0,1,3,0,0,0,0
1100,8,black,Black,1.48,-1.52,0.5394843,0.03059109,-0.576689,0.036052175,0.0,0.0,0,3,0,0,0,0
1101,10,black,Black,0.475,-0.525,0.687785,0.13176194,-0.23932798,0.062121093,0.0,0.0,2,3,0,0,0,0
1102,12,black,Black,0.57,-0.53,0.46062043,0.18484823,0.47050023,0.18448353,0.0,0.0,2,3,0,0,1,0
1103,10,black,Black,1.475,-1.525,-0.1093889,0.025204469,-0.59543234,0.039883595,0.0,0.0,0,3,0,0,0,0
1104,10,black,Black,0.975,-1.025,0.3450685,0.028665835,0.1108592,0.019696396,0.0,0.0,1,3,0,0,0,0
1105,8,black,Black,1.48,-1.52,-0.55544496,0.032132383,0.69422704,0.042824514,0.0,0.0,0,3,0,0,0,0
1106,12,black,Black,1.47,-1.53,-0.060692746,0.038472254,-0.39461473,0.057898726,0.0,0.0,0,3,0,0,0,0
1107,10,black,Black,1.475,-1.525,-0.23425257,0.033716492,-0.5607905,0.0440701,0.0,0.0,0,3,0,0,0,0
1108,10,black,Black,1.475,-1.525,-0.09324731,0.033557847,-1.1666958,0.029926445,0.0,0.0,0,3,0,0,0,0
1109,10,black,Black,0.475,-0.425,-0.5554221,0.21013875,0.43631163,0.1404964,0.0,0.0,2,3,0,0,0,1
1110,10,black,Black,1.475,-1.525,0.7285658,0.028290654,-0.6439241,0.040790748,0.0,0.0,0,3,0,0,0,0
1111,10,black,Black,1.475,-1.525,-1.7636688,0.020930279,-1.0685055,0.018521734,0.0,0.0,0,3,0,0,0,0
1112,8,black,Black,0.98,-1.02,-0.2250784,0.04009872,-0.34185195,0.03767436,0.0,0.0,1,3,0,0,0,0
1113,12,black,Black,1.07,-0.93,0.17794609,0.027424937,0.79326814,0.017532175,0.0,0.0,1,3,0,0,1,1
1114,16,black,Black,0.46,0.15999999999999998,-0.025087506,0.25431758,-0.015060835,0.85799026,0.0,0.0,1,3,0,1,0,2
1115,12,black,Black,1.47,-1.53,-0.1597356,0.023892017,-0.9265186,0.023618175,0.0,0.0,0,3,0,0,0,0
1116,12,black,Black,0.97,-1.03,0.34399256,0.039807975,0.4165621,0.052280944,0.0,0.0,1,3,0,0,0,0
1117,12,black,Black,0.47,-0.43,-0.090100884,0.16141163,0.3100429,0.17272805,0.0,0.0,2,3,0,0,0,1
1118,10,black,Black,1.575,-1.525,-0.41050816,0.06258513,-0.17823672,0.02520537,0.0,0.0,0,3,0,0,1,0
1119,12,black,Black,0.47,-0.53,-0.13487738,0.22224139,0.57039994,0.19519961,0.0,0.0,2,3,0,0,0,0
1120,10,black,Black,0.975,-1.025,-0.041993786,0.031668372,0.46815404,0.035096392,0.0,0.0,1,3,0,0,0,0
1121,11,white,Black,-1.03,0.975,-0.90989876,1.2834648,0.17118545,1.0611274,0.0,0.0,3,1,0,0,0,0
1122,10,black,Black,1.475,-1.525,0.21908768,0.04187778,-0.8906051,0.031340368,0.0,0.0,0,3,0,0,0,0
1123,12,black,Black,0.97,-1.03,-0.4804369,0.022794098,0.66764325,0.010440645,0.0,0.0,1,3,0,0,0,0
1124,8,black,Black,1.48,-1.52,-0.5881995,0.05381611,-0.67863804,0.04729096,0.0,0.0,0,3,0,0,0,0
1125,12,black,Black,0.47,-0.53,0.55407953,0.15583944,0.018027583,0.116337754,0.0,0.0,2,3,0,0,0,0
1126,10,black,Black,0.975,-1.025,-0.1470101,0.0050309203,0.55985963,0.0066596726,0.0,0.0,1,3,0,0,0,0
1127,10,black,Black,1.475,-1.525,0.48811683,0.051275562,-0.09572959,0.041712973,0.0,0.0,0,3,0,0,0,0
1128,10,black,Black,1.475,-1.525,0.24265054,0.051686954,-0.27700853,0.045220923,0.0,0.0,0,3,0,0,0,0
1129,8,black,Black,0.98,-1.02,-0.7855612,0.022806497,1.1262072,0.009601535,0.0,0.0,1,3,0,0,0,0
1130,12,black,Black,0.97,-1.03,-0.17581122,0.010780968,-0.41196963,0.016648253,0.0,0.0,1,3,0,0,0,0
1131,10,black,Black,0.975,-1.025,0.30613726,0.008966861,0.3553043,0.019806784,0.0,0.0,1,3,0,0,0,0
1132,12,black,Black,0.47,-0.53,-0.10373014,0.13756543,0.96850586,0.10027876,0.0,0.0,2,3,0,0,0,0
1133,7,black,Black,2.08,-1.515,-0.24782273,0.47454396,-0.31144008,0.08340942,0.0,0.0,0,2,1,0,1,0
1134,12,black,Black,1.47,-1.53,0.12105835,0.08003589,0.18518454,0.071233034,0.0,0.0,0,3,0,0,0,0
1135,12,black,Black,0.97,-1.03,-0.11611593,0.007752072,-0.06741733,0.014976609,0.0,0.0,1,3,0,0,0,0
1136,12,black,Black,0.97,-0.93,0.16170268,0.011386604,0.6869548,0.024228891,0.0,0.0,1,3,0,0,0,1
1137,12,black,Black,1.47,-1.53,0.8146467,0.08084663,0.4635687,0.075881556,0.0,0.0,0,3,0,0,0,0
1138,12,black,Black,0.97,-1.03,-0.17225485,0.0062532127,-0.24862356,0.014244221,0.0,0.0,1,3,0,0,0,0
1139,12,black,Black,0.97,-1.03,0.24218826,0.00987894,0.36895153,0.011015482,0.0,0.0,1,3,0,0,0,0
1140,10,black,Black,0.975,-1.025,-0.097009376,0.0098048495,0.4846948,0.015954956,0.0,0.0,1,3,0,0,0,0
1141,12,black,Black,1.47,-1.53,0.16069873,0.060788173,-0.4370229,0.04838893,0.0,0.0,0,3,0,0,0,0
1142,8,black,Black,0.98,-1.02,-0.09868558,0.010929826,0.28495932,0.023379032,0.0,0.0,1,3,0,0,0,0
1143,8,black,Black,1.48,-1.52,0.1759398,0.062375538,-0.6734916,0.040799264,0.0,0.0,0,3,0,0,0,0
1144,8,black,Black,1.48,-1.52,-0.06804454,0.0626943,-1.0777571,0.048137844,0.0,0.0,0,3,0,0,0,0
1145,8,black,Black,1.48,-1.52,-0.80970895,0.04603217,-0.60494787,0.030431472,0.0,0.0,0,3,0,0,0,0
1146,10,black,Black,1.475,-1.525,-0.0109222885,0.062402315,0.37178382,0.042686585,0.0,0.0,0,3,0,0,0,0
1147,14,black,Black,0.965,-0.935,0.5913281,0.017850906,0.5657599,0.029038897,0.0,0.0,1,3,0,0,0,1
1148,12,black,Black,0.47,-0.53,-0.39883342,0.15873398,0.25740463,0.1240106,0.0,0.0,2,3,0,0,0,0
1149,12,black,Black,1.57,-1.53,-0.50237197,0.054291427,-0.9776564,0.018043367,0.0,0.0,0,3,0,0,1,0
1150,12,black,Black,1.47,-1.53,-0.2187651,0.021919027,-0.48362795,0.01436862,0.0,0.0,0,3,0,0,0,0
1151,12,black,Black,1.57,-1.43,0.021515047,0.06640854,0.088116825,0.015431165,0.0,0.0,0,3,0,0,1,1
1152,12,black,Black,1.07,-0.93,0.17712593,0.028407792,-0.09889364,0.07691365,0.0,0.0,1,3,0,0,1,1
1153,8,black,Black,1.48,-1.52,-0.03187692,0.025863063,-0.30822122,0.01919289,0.0,0.0,0,3,0,0,0,0
1154,10,black,Black,1.475,-1.525,-0.10519509,0.00944701,-0.53026277,0.008501544,0.0,0.0,0,3,0,0,0,0
1155,10,black,Black,1.975,-1.525,-0.09723608,0.15565237,-0.6906802,0.017307956,0.0,0.0,0,2,1,0,0,0
1156,5,black,Black,1.985,-1.51,-0.17658085,0.20356707,-0.64445186,0.015134066,0.0,0.0,0,2,1,0,0,0
1157,12,black,Black,0.97,-1.03,-0.54271585,0.06147079,0.12249589,0.04034235,0.0,0.0,1,3,0,0,0,0
1158,10,black,Black,1.575,-1.025,0.6261697,0.08501418,-0.22744755,0.021438422,0.0,0.0,1,2,1,0,1,0
1159,10,black,Black,1.075,-1.025,0.030760169,0.07438433,-0.1622746,0.0713683,0.0,0.0,1,3,0,0,1,0
1160,12,black,Black,0.97,-0.43,0.041856546,0.064488284,0.41834804,0.30246916,0.0,0.0,0,3,0,1,0,1
1161,6,black,Black,1.485,-1.515,-0.5117764,0.001449573,-1.3046068,0.007266067,0.0,0.0,0,3,0,0,0,0
1162,10,black,Black,1.475,-1.525,0.38517535,0.00036542906,-0.41651464,0.005391623,0.0,0.0,0,3,0,0,0,0
1163,10,black,Black,1.475,-1.525,-0.1354963,0.0009430357,-0.3229347,0.00650522,0.0,0.0,0,3,0,0,0,0
1164,6,black,Black,1.485,-1.515,-0.06694975,0.0006962496,-1.1607939,0.00934539,0.0,0.0,0,3,0,0,0,0
1165,12,black,Black,0.97,-0.93,-0.55411494,0.09494152,-0.049518894,0.046455964,0.0,0.0,1,3,0,0,0,1
1166,10,black,Black,1.475,-1.525,-0.7761232,0.00069359824,-0.6751372,0.013634373,0.0,0.0,0,3,0,0,0,0
1167,12,black,Black,0.47,-0.53,-0.4337977,0.3523487,0.025830666,0.19444883,0.0,0.0,2,3,0,0,0,0
1168,8,black,Black,1.58,-1.52,1.1286764,0.008708604,-0.75724965,0.016813304,0.0,0.0,0,3,0,0,1,0
1169,12,black,Black,0.97,-0.93,0.27837956,0.09555584,-0.19600268,0.05723512,0.0,0.0,1,3,0,0,0,1
1170,8,black,Black,1.08,-1.02,-0.14756596,0.062867194,0.5023532,0.033989172,0.0,0.0,1,3,0,0,1,0
1171,8,black,Black,1.48,-1.52,-0.103515446,0.0008684073,0.004777834,0.0097471485,0.0,0.0,0,3,0,0,0,0
1172,14,black,Black,0.965,-1.035,-0.13286042,0.059579197,0.61755997,0.01857863,0.0,0.0,1,3,0,0,0,0
1173,10,black,Black,1.575,-1.525,0.13540444,0.021394124,-0.31935495,0.03173193,0.0,0.0,0,3,0,0,1,0
1174,10,black,Black,0.475,-0.525,-0.6097308,0.31737936,0.39386433,0.16158485,0.0,0.0,2,3,0,0,0,0
1175,10,black,Black,1.475,-1.525,-0.0037582875,0.011334668,-0.15748915,0.039263114,0.0,0.0,0,3,0,0,0,0
1176,10,black,Black,1.475,-1.525,-0.04863765,0.012126409,-0.78040236,0.030327309,0.0,0.0,0,3,0,0,0,0
1177,12,black,Black,1.47,-1.53,-0.27343988,0.01445362,-0.19731104,0.0369024,0.0,0.0,0,3,0,0,0,0
1178,10,black,Black,2.475,-1.525,0.42802238,0.6829542,-0.3312593,0.041136973,0.0,0.0,0,1,2,0,0,0
1179,10,black,Black,1.575,-1.525,-0.59461385,0.035201192,-0.8496498,0.050795507,0.0,0.0,0,3,0,0,1,0
1180,14,black,Black,1.065,-1.035,-0.39954975,0.02717125,0.8468965,0.015498786,0.0,0.0,1,3,0,0,1,0
1181,8,black,Black,0.98,-1.02,-0.19120526,0.03723205,-0.2144619,0.026503563,0.0,0.0,1,3,0,0,0,0
1182,8,black,Black,1.48,-1.52,0.7128259,0.019060032,-0.37067255,0.03471536,0.0,0.0,0,3,0,0,0,0
1183,12,black,Black,1.47,-1.53,0.257741,0.01816442,-0.28741118,0.032524385,0.0,0.0,0,3,0,0,0,0
1184,8,black,Black,0.98,-0.92,-0.57144624,0.038519885,0.45839623,0.046044365,0.0,0.0,1,3,0,0,0,1
1185,8,black,Black,1.48,-1.52,-0.5905198,0.016249808,-0.7625501,0.012045751,0.0,0.0,0,3,0,0,0,0
1186,13,white,Black,-0.535,0.97,-0.15147182,0.92697036,0.112208165,1.3045443,0.0,0.0,2,2,0,1,0,0
1187,16,black,Black,1.76,-0.94,-0.19897276,0.08458251,0.602341,0.042999376,0.0,0.0,1,2,1,0,3,1
1188,12,black,Black,0.57,-0.43,-0.5304162,0.16611105,-0.098411955,0.15613802,0.0,0.0,2,3,0,0,1,1
1189,10,black,Black,0.575,-0.525,-0.6055005,0.20229223,0.8215597,0.16320592,0.0,0.0,2,3,0,0,1,0
1190,12,black,Black,0.47,-0.53,-0.47320664,0.11940301,0.44701168,0.06327401,0.0,0.0,2,3,0,0,0,0
1191,12,black,Black,1.47,-1.53,-0.131234,0.023025347,-0.051386435,0.027191184,0.0,0.0,0,3,0,0,0,0
1192,12,black,Black,0.97,-1.03,-0.67315227,0.07853588,-0.3331184,0.05628569,0.0,0.0,1,3,0,0,0,0
1193,8,black,Black,0.98,-1.02,0.19706362,0.01630488,0.65751207,0.0099796355,0.0,0.0,1,3,0,0,0,0
1194,10,black,Black,0.575,-0.525,-0.30134028,0.15089464,0.9525609,0.1216768,0.0,0.0,2,3,0,0,1,0
1195,10,black,Black,1.475,-1.525,0.1721566,0.05352509,-0.65922314,0.04519228,0.0,0.0,0,3,0,0,0,0
1196,6,black,Black,1.485,-1.515,0.5638861,0.03688241,-1.1076441,0.028876431,0.0,0.0,0,3,0,0,0,0
1197,12,black,Black,1.07,-0.93,-0.82978135,0.039666805,0.19501573,0.036718488,0.0,0.0,1,3,0,0,1,1
1198,12,black,Black,0.47,-0.43,-0.5388729,0.1678326,0.5736025,0.11751085,0.0,0.0,2,3,0,0,0,1
1199,6,black,Black,1.485,-1.515,-0.6407063,0.043838453,-1.1871194,0.033861518,0.0,0.0,0,3,0,0,0,0
1200,8,black,Black,1.48,-1.52,0.71636677,0.04392678,-0.07468176,0.044802003,0.0,0.0,0,3,0,0,0,0
1201,10,black,Black,1.575,-0.925,-1.1088204,0.08515732,-0.3647613,0.025928315,0.0,0.0,1,2,1,0,1,1
1202,8,black,Black,1.48,-1.52,0.69362456,0.04350771,-0.9103232,0.04456705,0.0,0.0,0,3,0,0,0,0
1203,6,black,Black,1.485,-1.515,-0.23317175,0.044971015,-0.50317496,0.04767023,0.0,0.0,0,3,0,0,0,0
1204,8,black,Black,0.98,-1.02,0.26695347,0.025142286,-0.38946974,0.009358358,0.0,0.0,1,3,0,0,0,0
1205,8,black,Black,1.48,-1.52,0.24894394,0.029271021,-0.92439175,0.03547687,0.0,0.0,0,3,0,0,0,0
1206,8,black,Black,0.98,-1.02,0.28089762,0.027804673,-0.094187856,0.013096172,0.0,0.0,1,3,0,0,0,0
1207,6,black,Black,0.985,-1.015,-0.07292191,0.027228741,0.22170846,0.0062532425,0.0,0.0,1,3,0,0,0,0
1208,8,black,Black,0.48,-0.52,-0.51005524,0.1747194,-0.037617832,0.1071772,0.0,0.0,2,3,0,0,0,0
1209,12,black,Black,1.07,-0.43000000000000005,0.052284,0.041549217,0.109533854,0.08444804,0.0,0.0,0,3,0,1,1,1
1210,12,black,Black,1.47,-1.53,0.11613747,0.030816229,-0.6049426,0.044080794,0.0,0.0,0,3,0,0,0,0
1211,12,black,Black,1.57,-1.53,0.60144204,0.060302105,-0.3747127,0.052330937,0.0,0.0,0,3,0,0,1,0
1212,10,black,Black,0.975,-1.025,-0.5144588,0.023480263,-0.6868397,0.036187384,0.0,0.0,1,3,0,0,0,0
1213,10,black,Black,1.475,-1.525,-0.3911197,0.032987684,-1.6580379,0.03645648,0.0,0.0,0,3,0,0,0,0
1214,6,black,Black,1.485,-1.515,0.18078692,0.033511136,-0.12959535,0.041810554,0.0,0.0,0,3,0,0,0,0
1215,8,black,Black,0.98,-1.02,0.14972156,0.02369456,-0.068413615,0.012532933,0.0,0.0,1,3,0,0,0,0
1216,10,black,Black,0.975,-1.025,-0.33127207,0.0189161,0.18316671,0.008102794,0.0,0.0,1,3,0,0,0,0
1217,10,black,Black,1.475,-1.525,-0.21221411,0.013103622,0.5482589,0.016618663,0.0,0.0,0,3,0,0,0,0
1218,12,black,Black,0.97,-1.03,0.21056317,0.024121748,0.11297393,0.009107684,0.0,0.0,1,3,0,0,0,0
1219,10,black,Black,0.975,-1.025,-1.132311,0.039686292,0.8585745,0.021583233,0.0,0.0,1,3,0,0,0,0
1220,10,black,Black,1.475,-1.525,-0.65452576,0.018271305,-0.029993296,0.025654292,0.0,0.0,0,3,0,0,0,0
1221,7,white,Black,-0.52,0.485,-0.3396451,0.8184695,0.5015277,0.7257902,0.0,0.0,3,2,0,0,0,0
1222,10,black,Black,0.475,-0.525,-0.05684173,0.229796,0.3023973,0.17122018,0.0,0.0,2,3,0,0,0,0
1223,10,black,Black,1.475,-1.525,0.27879936,0.014408128,-0.13118848,0.012108025,0.0,0.0,0,3,0,0,0,0
1224,12,black,Black,1.47,-1.53,-0.10662428,0.02464568,-0.46149042,0.03567468,0.0,0.0,0,3,0,0,0,0
1225,12,black,Black,0.97,-1.03,-0.05501799,0.04681477,-0.4968276,0.049550224,0.0,0.0,1,3,0,0,0,0
1226,12,black,Black,0.97,-1.03,-0.4572043,0.021831667,0.4401802,0.022353014,0.0,0.0,1,3,0,0,0,0
1227,8,black,Black,1.48,-1.52,0.41945696,0.027354628,-0.11044681,0.018648073,0.0,0.0,0,3,0,0,0,0
1228,10,black,Black,1.475,-1.525,0.072613075,0.024391606,-0.50687087,0.016149102,0.0,0.0,0,3,0,0,0,0
1229,6,black,Black,1.485,-1.515,0.56022054,0.030125208,0.9763517,0.020115552,0.0,0.0,0,3,0,0,0,0
1230,11,black,Black,1.97,-1.325,0.27592507,0.21686935,0.33302215,0.004349926,0.0,0.0,0,2,1,0,0,2
1231,10,black,Black,1.075,-1.025,-0.5371213,0.0149275195,-0.036898565,0.025462259,0.0,0.0,1,3,0,0,1,0
1232,12,black,Black,1.47,-1.53,0.09286978,0.029503033,-0.059236664,0.031717334,0.0,0.0,0,3,0,0,0,0
1233,10,black,Black,0.975,-0.42500000000000004,0.13552156,0.05812481,-0.3996364,0.36818984,0.0,0.0,0,3,0,1,0,1
1234,10,black,Black,0.975,-1.025,0.3256606,0.059496842,0.28642416,0.03866046,0.0,0.0,1,3,0,0,0,0
1235,12,black,Black,0.97,-1.03,-0.81915647,0.023621047,0.013942043,0.016070278,0.0,0.0,1,3,0,0,0,0
1236,8,black,Black,1.48,-1.52,-0.91070414,0.025585696,-1.6802704,0.03869452,0.0,0.0,0,3,0,0,0,0
1237,10,black,Black,1.475,-1.525,0.20299852,0.012486357,0.2759881,0.022386137,0.0,0.0,0,3,0,0,0,0
1238,8,black,Black,1.48,-1.52,-0.19622219,0.014053229,-1.6601202,0.02038467,0.0,0.0,0,3,0,0,0,0
1239,12,black,Black,1.47,-1.53,-0.29997197,0.019089496,-0.18776114,0.031743497,0.0,0.0,0,3,0,0,0,0
1240,10,black,Black,1.475,-1.525,0.012462092,0.012430589,-0.6164599,0.019674985,0.0,0.0,0,3,0,0,0,0
1241,6,black,Black,1.485,-1.515,-0.14143614,0.015579625,-0.2233746,0.022057323,0.0,0.0,0,3,0,0,0,0
1242,12,black,Black,0.97,-1.03,-0.42436096,0.04192179,0.51355034,0.018343175,0.0,0.0,1,3,0,0,0,0
1243,10,black,Black,0.975,-1.025,0.043472983,0.070675954,-0.053905297,0.039503746,0.0,0.0,1,3,0,0,0,0
1244,12,black,Black,0.97,-1.03,0.64205307,0.06571084,0.59543854,0.038494434,0.0,0.0,1,3,0,0,0,0
1245,12,black,Black,0.47,-0.33,-0.71568274,0.18575941,0.62828153,0.15478933,0.0,0.0,2,3,0,0,0,2
1246,14,black,Black,0.965,-0.535,-0.6601289,0.037926108,0.10895974,0.22452219,0.0,0.0,0,3,0,1,0,0
1247,8,black,Black,1.98,-1.52,-0.1321631,0.28504533,-0.16044171,0.03024779,0.0,0.0,0,2,1,0,0,0
1248,9,black,Black,2.475,-1.52,-0.81484616,0.7399883,-0.29217923,0.040755846,0.0,0.0,0,1,2,0,0,0
1249,10,black,Black,0.975,-1.025,0.2878852,0.02967525,0.72147095,0.018215295,0.0,0.0,1,3,0,0,0,0
1250,8,black,Black,1.48,-1.52,0.0035562515,0.01690084,0.6840385,0.02634109,0.0,0.0,0,3,0,0,0,0
1251,12,black,Black,0.97,-1.03,-0.54261637,0.026925804,-0.048912644,0.023460625,0.0,0.0,1,3,0,0,0,0
1252,12,black,Black,0.97,-1.03,-0.36778584,0.044666868,0.90324265,0.02449289,0.0,0.0,1,3,0,0,0,0
1253,12,black,Black,1.47,-1.53,-0.25836024,0.023413531,-0.21581559,0.034866225,0.0,0.0,0,3,0,0,0,0
1254,6,black,Black,1.485,-1.515,-0.0094913645,0.021268427,0.49517417,0.023814036,0.0,0.0,0,3,0,0,0,0
1255,8,black,Black,0.98,-1.02,0.41873416,0.052636072,0.78200215,0.02775414,0.0,0.0,1,3,0,0,0,0
1256,12,black,Black,0.97,-0.93,0.038380336,0.03432933,0.4350504,0.026667198,0.0,0.0,1,3,0,0,0,1
1257,8,black,Black,1.48,-1.52,0.3755563,0.022706384,-0.51786685,0.036115795,0.0,0.0,0,3,0,0,0,0
1258,8,black,Black,1.48,-1.52,0.2055133,0.020577485,-0.3129061,0.027169652,0.0,0.0,0,3,0,0,0,0
1259,8,black,Black,1.48,-1.52,-0.1236434,0.015564387,0.14484227,0.022501992,0.0,0.0,0,3,0,0,0,0
1260,14,black,Black,0.965,-1.035,0.16213457,0.025234785,-0.99725956,0.008743028,0.0,0.0,1,3,0,0,0,0
1261,10,black,Black,1.575,-1.525,0.30622098,0.047145985,-0.25226563,0.028147932,0.0,0.0,0,3,0,0,1,0
1262,10,black,Black,0.475,-0.525,0.6405756,0.15668441,-0.890065,0.104723155,0.0,0.0,2,3,0,0,0,0
1263,13,white,Black,-0.535,0.47,-0.94189006,1.0543255,-0.6142085,1.0357542,0.0,0.0,3,2,0,0,0,0
1264,12,black,Black,0.47,0.06999999999999998,0.48948264,0.26473147,0.4280144,0.7780114,0.0,0.0,1,3,0,1,0,1
1265,12,black,Black,0.97,-1.03,0.022880355,0.033372667,0.078142725,0.024158796,0.0,0.0,1,3,0,0,0,0
1266,10,black,Black,0.975,-1.025,-0.26252198,0.02511766,-0.16241217,0.012529314,0.0,0.0,1,3,0,0,0,0
1267,8,black,Black,0.98,-1.02,0.61125886,0.033121575,0.5929365,0.029219013,0.0,0.0,1,3,0,0,0,0
1268,10,black,Black,1.475,-1.525,0.26713368,0.036450446,-0.59950936,0.034661118,0.0,0.0,0,3,0,0,0,0
1269,10,black,Black,0.475,-0.525,0.43465367,0.14920032,0.20860866,0.10636878,0.0,0.0,2,3,0,0,0,0
1270,6,black,Black,1.485,-1.515,-0.50224215,0.04051708,-0.46605352,0.026270052,0.0,0.0,0,3,0,0,0,0
1271,12,black,Black,0.47,-0.53,-0.08829864,0.11204463,-0.1351747,0.088788055,0.0,0.0,2,3,0,0,0,0
1272,10,black,Black,0.975,-1.025,-1.3139724,0.024762994,-0.45262662,0.037037324,0.0,0.0,1,3,0,0,0,0
1273,14,black,Black,0.465,-0.535,-0.3104835,0.1565046,-0.19493018,0.142738,0.0,0.0,2,3,0,0,0,0
1274,10,black,Black,1.475,-1.525,0.006110692,0.06328009,-0.7469774,0.060808677,0.0,0.0,0,3,0,0,0,0
1275,14,black,Black,0.465,-0.035,-0.5338084,0.10955155,0.020897524,0.32049602,0.0,0.0,1,3,0,1,0,0
1276,10,black,Black,1.475,-1.525,0.030081963,0.06731318,-0.45220128,0.056155562,0.0,0.0,0,3,0,0,0,0
1277,13,white,Black,-0.535,0.47,-0.6245984,0.5359198,-0.0072721243,0.4493164,0.0,0.0,3,2,0,0,0,0
1278,10,black,Black,0.975,-1.025,0.25762647,0.003870754,0.20813933,0.008986612,0.0,0.0,1,3,0,0,0,0
1279,8,black,Black,0.98,-1.02,-0.122869164,0.0010896237,0.02122885,0.0046955864,0.0,0.0,1,3,0,0,0,0
1280,8,black,Black,1.48,-1.52,0.06020409,0.12064324,-0.76916283,0.09433107,0.0,0.0,0,3,0,0,0,0
1281,10,black,Black,1.475,-1.525,-0.18414477,0.10860308,-0.9765962,0.09265131,0.0,0.0,0,3,0,0,0,0
1282,10,black,Black,0.975,-1.025,-0.7276317,0.025818756,0.5793153,0.00881995,0.0,0.0,1,3,0,0,0,0
1283,8,black,Black,1.48,-1.52,-0.151689,0.08553259,-0.42689985,0.06865102,0.0,0.0,0,3,0,0,0,0
1284,10,black,Black,1.475,-1.525,-0.30723563,0.09121622,-0.8377613,0.08033017,0.0,0.0,0,3,0,0,0,0
1285,6,black,Black,1.485,-1.515,0.05422141,0.08420577,-1.1083297,0.047279466,0.0,0.0,0,3,0,0,0,0
1286,10,black,Black,0.475,-0.525,0.8516747,0.09674282,0.040884685,0.08276632,0.0,0.0,2,3,0,0,0,0
1287,7,black,Black,1.98,-1.515,0.17603302,0.32285827,-0.66073847,0.043005068,0.0,0.0,0,2,1,0,0,0
1288,8,black,Black,1.48,-1.52,0.18232292,0.07273835,-0.5134005,0.043513793,0.0,0.0,0,3,0,0,0,0
1289,10,black,Black,1.475,-1.525,0.14557818,0.07882659,-0.2923871,0.06348841,0.0,0.0,0,3,0,0,0,0
1290,10,black,Black,1.475,-1.525,0.059387654,0.052851945,-0.38249096,0.031955156,0.0,0.0,0,3,0,0,0,0
1291,12,black,Black,1.47,-1.53,0.86250734,0.06629143,-0.25905415,0.051890235,0.0,0.0,0,3,0,0,0,0
1292,8,black,Black,1.48,-1.52,0.42479205,0.034118503,-0.3842528,0.018944345,0.0,0.0,0,3,0,0,0,0
1293,14,black,Black,0.565,-0.535,-0.38071388,0.16983822,0.06590046,0.19019334,0.0,0.0,2,3,0,0,1,0
1294,12,black,Black,1.47,-1.53,-0.1964251,0.036126964,-0.085380636,0.022891708,0.0,0.0,0,3,0,0,0,0
1295,12,black,Black,0.97,-0.53,-0.022788405,0.016396193,0.25326252,0.20445482,0.0,0.0,0,3,0,1,0,0
1296,14,black,Black,0.465,-0.535,-0.4162283,0.2561008,-0.010576146,0.24756853,0.0,0.0,2,3,0,0,0,0
1297,12,black,Black,1.07,-0.93,0.17509978,0.016306091,-0.063512586,0.04622878,0.0,0.0,1,3,0,0,1,1
1298,8,black,Black,1.48,-1.52,0.4347022,0.011539287,-0.47058648,0.007713362,0.0,0.0,0,3,0,0,0,0
1299,12,black,Black,1.07,-1.03,-0.48916188,0.047883127,0.16924055,0.054351673,0.0,0.0,1,3,0,0,1,0
1300,12,black,Black,1.47,-1.53,0.44439706,0.028832251,-0.3017269,0.037820473,0.0,0.0,0,3,0,0,0,0
1301,12,black,Black,0.57,-0.53,-1.1073831,0.13496655,0.73236656,0.13195227,0.0,0.0,2,3,0,0,1,0
1302,6,black,Black,0.985,-1.015,-0.66014725,0.016823363,-0.6880501,0.03975119,0.0,0.0,1,3,0,0,0,0
1303,12,black,Black,1.67,-1.53,0.16642666,0.050820544,-0.67366284,0.015907167,0.0,0.0,0,3,0,0,2,0
1304,14,black,Black,0.465,-0.535,-0.8378345,0.110500984,0.03970606,0.044818465,0.0,0.0,2,3,0,0,0,0
1305,10,black,Black,1.475,-1.525,-0.0312258,0.017972372,-0.6047798,0.021083463,0.0,0.0,0,3,0,0,0,0
1306,8,black,Black,1.08,-1.02,-0.3894173,0.018982105,0.64705914,0.021677688,0.0,0.0,1,3,0,0,1,0
1307,10,black,Black,0.975,-1.025,1.1185498,0.07982193,-0.28077903,0.04724784,0.0,0.0,1,3,0,0,0,0
1308,7,black,Black,2.58,-1.415,0.31345257,0.6630297,-0.52783704,0.015202581,0.0,0.0,0,1,2,0,1,1
1309,8,black,Black,0.98,-1.02,1.121462,0.06638214,0.23415816,0.032635815,0.0,0.0,1,3,0,0,0,0
1310,10,black,Black,0.975,-1.025,-0.047247995,0.047696482,-0.4578538,0.032093093,0.0,0.0,1,3,0,0,0,0
1311,12,black,Black,0.97,-1.03,0.29917124,0.02561699,-0.062794834,0.04412667,0.0,0.0,1,3,0,0,0,0
1312,10,black,Black,0.475,0.07499999999999997,-0.23652403,0.23606582,-0.55670387,0.69421154,0.0,0.0,1,3,0,1,0,1
1313,12,black,Black,0.97,-1.03,-0.5793809,0.042651698,-0.1583134,0.07356376,0.0,0.0,1,3,0,0,0,0
1314,7,white,Black,-1.02,0.985,-0.5550483,1.2731571,-0.1021353,1.0920558,0.0,0.0,3,1,0,0,0,0
1315,8,black,Black,1.48,-1.52,0.26023296,0.03535235,0.6037438,0.0410723,0.0,0.0,0,3,0,0,0,0
1316,12,black,Black,0.97,-0.93,-0.4428865,0.031683218,0.87462467,0.023152849,0.0,0.0,1,3,0,0,0,1
1317,12,black,Black,0.97,-1.03,0.101173736,0.04402249,0.004356444,0.053805035,0.0,0.0,1,3,0,0,0,0
1318,9,white,Black,-0.525,0.58,-0.16418095,0.7987077,0.3666777,0.7582145,0.0,0.0,3,2,0,0,0,1
1319,10,black,Black,1.575,-1.525,0.13425319,0.07257094,-0.87969697,0.028527638,0.0,0.0,0,3,0,0,1,0
1320,12,black,Black,1.07,-1.03,0.17599814,0.008619543,0.19401287,0.007910886,0.0,0.0,1,3,0,0,1,0
1321,12,black,Black,0.97,-1.03,-0.16490078,0.019568577,1.1842331,0.0067454968,0.0,0.0,1,3,0,0,0,0
1322,10,black,Black,1.475,-1.525,0.14645986,0.06480139,-0.48182917,0.0730311,0.0,0.0,0,3,0,0,0,0
1323,16,black,Black,0.96,-0.94,-0.19102302,0.010363557,0.50819063,0.010300875,0.0,0.0,1,3,0,0,0,1
1324,12,black,Black,1.47,-1.53,-1.078154,0.05539495,-0.55262846,0.060972244,0.0,0.0,0,3,0,0,0,0
1325,10,black,Black,0.975,-1.025,0.5324309,0.0048433226,0.30467412,0.002164334,0.0,0.0,1,3,0,0,0,0
1326,10,black,Black,0.975,-1.025,-0.11455107,0.009017904,0.8670632,0.0042445604,0.0,0.0,1,3,0,0,0,0
1327,14,black,Black,0.465,-0.535,-0.47495005,0.12879254,0.4208705,0.09022999,0.0,0.0,2,3,0,0,0,0
1328,10,black,Black,1.475,-1.525,-0.07573557,0.063911706,0.8298229,0.06032917,0.0,0.0,0,3,0,0,0,0
1329,16,black,Black,1.56,-1.34,0.024865694,0.097309805,0.052661806,0.06295523,0.0,0.0,0,3,0,0,1,2
1330,10,black,Black,0.975,-1.025,-0.38097557,0.04238096,0.01195926,0.0024027193,0.0,0.0,1,3,0,0,0,0
1331,10,black,Black,1.475,-1.525,0.22432384,0.063915655,0.040229417,0.046182796,0.0,0.0,0,3,0,0,0,0
1332,8,black,Black,1.48,-1.52,-0.31194574,0.060978312,-2.887481,0.039620772,0.0,0.0,0,3,0,0,0,0
1333,12,black,Black,0.47,-0.53,0.3026215,0.10754035,-0.26299486,0.119945765,0.0,0.0,2,3,0,0,0,0
1334,10,black,Black,1.475,-1.525,-0.043571614,0.0497921,-0.31807208,0.058525585,0.0,0.0,0,3,0,0,0,0
1335,12,black,Black,1.57,-1.53,0.10416633,0.0969139,-0.119260944,0.054207906,0.0,0.0,0,3,0,0,1,0
1336,8,black,Black,1.58,-1.02,-0.4495828,0.07401985,0.0751761,0.0156119475,0.0,0.0,1,2,1,0,1,0
1337,10,black,Black,1.475,-1.525,-0.028067578,0.028524721,0.020925546,0.026851276,0.0,0.0,0,3,0,0,0,0
1338,10,black,Black,0.975,-1.025,-0.027152801,0.028184071,0.48026314,0.025867859,0.0,0.0,1,3,0,0,0,0
1339,10,black,Black,0.975,-1.025,-0.06996254,0.024832578,-0.027911007,0.020179732,0.0,0.0,1,3,0,0,0,0
1340,12,black,Black,0.97,-1.03,-0.47857046,0.026885599,-0.1464039,0.018301077,0.0,0.0,1,3,0,0,0,0
1341,8,black,Black,1.48,-1.52,-0.43231958,0.015645547,-0.764838,0.023021245,0.0,0.0,0,3,0,0,0,0
1342,10,black,Black,0.975,-1.025,0.73758334,0.061121024,0.6908602,0.028243592,0.0,0.0,1,3,0,0,0,0
1343,10,black,Black,1.475,-1.525,0.1932898,0.008087832,-0.4615987,0.014820186,0.0,0.0,0,3,0,0,0,0
1344,8,black,Black,1.48,-1.42,0.7003846,0.014966942,-0.4412756,0.022903167,0.0,0.0,0,3,0,0,0,1
1345,12,black,Black,0.97,-1.03,-0.12498889,0.021628747,0.17287059,0.022707775,0.0,0.0,1,3,0,0,0,0
1346,8,black,Black,0.98,-1.02,-0.18482354,0.04707025,0.8271375,0.028596409,0.0,0.0,1,3,0,0,0,0
1347,9,white,Black,-0.525,0.98,-0.45464334,0.8888027,0.31341836,1.4732594,0.0,0.0,2,2,0,1,0,0
1348,12,black,Black,1.47,-1.53,0.53615344,0.01007633,-0.82147104,0.008447659,0.0,0.0,0,3,0,0,0,0
1349,10,black,Black,0.975,-1.025,-0.33546203,0.029733261,-0.24911174,0.023746528,0.0,0.0,1,3,0,0,0,0
1350,10,black,Black,0.975,-1.025,-0.34230012,0.08920126,0.22486672,0.052073367,0.0,0.0,1,3,0,0,0,0
1351,8,black,Black,2.08,-1.52,0.3094272,0.3562937,-0.30160582,0.030194396,0.0,0.0,0,2,1,0,1,0
1352,10,black,Black,0.475,-0.525,-0.6776311,0.24465683,0.78072345,0.18188259,0.0,0.0,2,3,0,0,0,0
1353,10,black,Black,0.975,-1.025,0.16142993,0.060460977,0.17562036,0.033676077,0.0,0.0,1,3,0,0,0,0
1354,12,black,Black,0.97,-1.03,-0.119012274,0.069803245,0.01980873,0.02874714,0.0,0.0,1,3,0,0,0,0
1355,10,black,Black,0.975,-1.025,0.40343398,0.05500714,0.312419,0.024337936,0.0,0.0,1,3,0,0,0,0
1356,9,white,Black,-0.525,1.08,-0.23379746,0.8729599,0.33725798,1.3733327,0.0,0.0,2,2,0,1,0,1
1357,6,black,Black,2.085,-1.515,0.17328139,0.37319902,-0.58104485,0.033017635,0.0,0.0,0,2,1,0,1,0
1358,8,black,Black,2.08,-1.52,0.16050577,0.34301797,-0.06300837,0.03992704,0.0,0.0,0,2,1,0,1,0
1359,10,black,Black,1.475,-1.525,-0.011402917,0.03182803,-0.14515714,0.04620704,0.0,0.0,0,3,0,0,0,0
1360,10,black,Black,1.475,-1.525,-0.41777977,0.04288921,-0.55241567,0.042228602,0.0,0.0,0,3,0,0,0,0
1361,12,black,Black,0.47,-0.030000000000000006,-0.3427887,0.25863996,0.19686317,0.49055073,0.0,0.0,1,3,0,1,0,0
1362,8,black,Black,1.48,-1.52,0.1585728,0.03513549,-0.577789,0.046583377,0.0,0.0,0,3,0,0,0,0
1363,10,black,Black,0.975,-1.025,-0.7292775,0.03495847,-0.30328196,0.016148653,0.0,0.0,1,3,0,0,0,0
1364,12,black,Black,1.47,-1.53,-0.05173413,0.041779894,-0.11410582,0.04495431,0.0,0.0,0,3,0,0,0,0
1365,10,black,Black,0.975,-0.925,-0.3589827,0.018401876,-0.5164349,0.010982921,0.0,0.0,1,3,0,0,0,1
1366,12,black,Black,1.47,-1.53,0.58692133,0.02938845,-0.46533462,0.057694435,0.0,0.0,0,3,0,0,0,0
1367,10,black,Black,0.975,-1.025,0.2131371,0.034428976,-0.26543814,0.022895299,0.0,0.0,1,3,0,0,0,0
1368,12,black,Black,1.57,-1.43,0.37713075,0.052460674,-0.60229737,0.013168979,0.0,0.0,0,3,0,0,1,1
1369,12,black,Black,0.97,-1.03,-0.5199723,0.026900552,0.17507052,0.018778848,0.0,0.0,1,3,0,0,0,0
1370,10,black,Black,0.475,-0.525,0.217907,0.14647625,-0.019672776,0.09693758,0.0,0.0,2,3,0,0,0,0
1371,12,black,Black,1.47,-1.53,-0.09161874,0.03640261,-0.2547783,0.051612332,0.0,0.0,0,3,0,0,0,0
1372,12,black,Black,1.47,-1.53,0.26197073,0.029656025,-0.15527888,0.049579475,0.0,0.0,0,3,0,0,0,0
1373,6,black,Black,1.485,-1.515,-0.13908319,0.024609966,-0.5021363,0.0137599325,0.0,0.0,0,3,0,0,0,0
1374,13,white,Black,-0.535,0.57,-0.109806284,1.0288154,0.40591753,1.086254,0.0,0.0,3,2,0,0,0,1
1375,12,black,Black,1.47,-1.53,0.021800637,0.026899919,-0.29192284,0.042351227,0.0,0.0,0,3,0,0,0,0
1376,10,black,Black,0.475,-0.525,-0.31473684,0.16256467,0.34232655,0.100681506,0.0,0.0,2,3,0,0,0,0
1377,12,black,Black,0.97,-1.03,-0.7254314,0.031773824,0.18178119,0.024740918,0.0,0.0,1,3,0,0,0,0
1378,10,black,Black,1.475,-1.525,-0.43690005,0.027058989,0.08620004,0.03354842,0.0,0.0,0,3,0,0,0,0
1379,12,black,Black,0.57,-0.53,-0.5426764,0.050247904,0.37612244,0.041754726,0.0,0.0,2,3,0,0,1,0
1380,10,black,Black,1.475,-1.525,-0.11967633,0.0443961,0.07748864,0.04522852,0.0,0.0,0,3,0,0,0,0
1381,10,black,Black,0.975,-1.025,-0.11653576,0.034985714,0.43033713,0.030766347,0.0,0.0,1,3,0,0,0,0
1382,4,black,Black,1.99,-1.51,-0.4711445,0.3267996,-1.6966596,0.025761385,0.0,0.0,0,2,1,0,0,0
1383,12,black,Black,1.07,-1.03,1.4139253,0.015535553,-0.3276866,0.021373065,0.0,0.0,1,3,0,0,1,0
1384,14,black,Black,0.465,-0.535,-0.10557788,0.15996416,-0.04467804,0.11969751,0.0,0.0,2,3,0,0,0,0
1385,11,white,Black,-0.53,0.475,-0.54559904,0.86916536,0.40892833,0.87999785,0.0,0.0,3,2,0,0,0,0
1386,14,black,Black,0.465,-0.535,-0.20732883,0.17337427,0.037071943,0.15546443,0.0,0.0,2,3,0,0,0,0
1387,8,black,Black,1.48,-1.52,0.34099832,0.043034844,-1.0431248,0.038480386,0.0,0.0,0,3,0,0,0,0
1388,12,black,Black,0.97,-1.03,-0.16015692,0.027975166,0.005301535,0.03180628,0.0,0.0,1,3,0,0,0,0
1389,6,black,Black,1.485,-1.515,0.31001922,0.047116503,-0.85095304,0.04056656,0.0,0.0,0,3,0,0,0,0
1390,12,black,Black,0.97,-1.03,-0.75755507,0.016694523,-0.72646475,0.020416917,0.0,0.0,1,3,0,0,0,0
1391,12,black,Black,1.07,-1.03,-0.39049438,0.00931662,0.43110856,0.014940116,0.0,0.0,1,3,0,0,1,0
1392,12,black,Black,0.47,-0.53,-0.22152285,0.12985055,0.1563559,0.10678509,0.0,0.0,2,3,0,0,0,0
1393,8,black,Black,1.48,-1.52,-0.84569925,0.053122684,-0.46885908,0.030047901,0.0,0.0,0,3,0,0,0,0
1394,8,black,Black,1.48,-1.52,-0.390948,0.06874521,0.17894928,0.033269662,0.0,0.0,0,3,0,0,0,0
1395,13,white,Black,-0.435,0.57,-0.57514465,0.56790626,-0.045105655,0.68967026,0.0,0.0,3,2,0,0,1,1
1396,8,black,Black,1.58,-1.52,0.5800196,0.11053936,0.071977675,0.064191885,0.0,0.0,0,3,0,0,1,0
1397,12,black,Black,0.47,-0.53,0.37967935,0.095687054,0.30055848,0.06309687,0.0,0.0,2,3,0,0,0,0
1398,10,black,Black,1.575,-1.525,0.6292535,0.12626243,-0.94932127,0.06528436,0.0,0.0,0,3,0,0,1,0
1399,10,black,Black,0.475,0.07499999999999997,-0.33561033,0.11372469,-0.065692976,0.33985633,0.0,0.0,1,3,0,1,0,1
1400,10,black,Black,1.675,-0.925,0.07003789,0.21543375,-0.057623,0.024318773,0.0,0.0,1,2,1,0,2,1
1401,10,black,Black,1.475,-1.525,-0.3126526,0.04889269,-0.29424697,0.05308801,0.0,0.0,0,3,0,0,0,0
1402,12,black,Black,0.97,-1.03,0.18206267,0.01904208,0.030477166,0.013426476,0.0,0.0,1,3,0,0,0,0
1403,14,black,Black,0.465,-0.535,-0.27645534,0.116276585,-0.1357869,0.07270277,0.0,0.0,2,3,0,0,0,0
1404,10,black,Black,1.475,-1.525,0.261047,0.04576155,-0.8856079,0.05022984,0.0,0.0,0,3,0,0,0,0
1405,10,black,Black,1.475,-1.525,-0.16844293,0.042981543,0.0011775255,0.047077827,0.0,0.0,0,3,0,0,0,0
1406,12,black,Black,0.97,-1.03,0.22895564,0.012185712,0.19953002,0.011373465,0.0,0.0,1,3,0,0,0,0
1407,14,black,Black,1.465,-1.435,0.07012216,0.050253354,-0.7148872,0.046527006,0.0,0.0,0,3,0,0,0,1
1408,14,black,Black,1.465,-1.535,-0.15126434,0.037749138,-0.3292165,0.05110923,0.0,0.0,0,3,0,0,0,0
1409,10,black,Black,0.975,-0.825,0.036883116,0.027006084,0.7510971,0.0396295,0.0,0.0,1,3,0,0,0,2
1410,10,black,Black,1.475,-1.525,0.22949438,0.029133733,-0.82246244,0.031539567,0.0,0.0,0,3,0,0,0,0
1411,12,black,Black,0.47,-0.53,-0.04965053,0.22463936,0.47867736,0.15604232,0.0,0.0,2,3,0,0,0,0
1412,14,black,Black,0.565,-0.435,0.02750441,0.06445418,0.08877611,0.052676003,0.0,0.0,2,3,0,0,1,1
1413,12,black,Black,1.07,-0.93,0.2597424,0.0077857394,-0.20118974,0.051686257,0.0,0.0,1,3,0,0,1,1
1414,8,black,Black,1.48,-1.52,-0.057768196,0.030558273,-0.5379173,0.034785442,0.0,0.0,0,3,0,0,0,0
1415,8,black,Black,0.98,-1.02,-0.0026946962,0.038270704,1.0329927,0.014326514,0.0,0.0,1,3,0,0,0,0
1416,16,black,Black,0.56,-0.34,-0.16022307,0.12730417,0.15923434,0.13351522,0.0,0.0,2,3,0,0,1,2
1417,12,black,Black,1.07,-1.03,-0.18717885,0.021534855,0.055716813,0.03357861,0.0,0.0,1,3,0,0,1,0
1418,8,black,Black,1.48,-1.52,-0.104726836,0.05476927,-0.71271074,0.038461443,0.0,0.0,0,3,0,0,0,0
1419,10,black,Black,0.975,-0.925,0.4153739,0.020645121,0.13591366,0.008516338,0.0,0.0,1,3,0,0,0,1
1420,10,black,Black,0.975,-1.025,-1.335181,0.066050716,-0.4611435,0.0467104,0.0,0.0,1,3,0,0,0,0
1421,12,black,Black,1.47,-1.53,0.19474131,0.056436893,-0.071519375,0.05668807,0.0,0.0,0,3,0,0,0,0
1422,12,black,Black,0.97,-1.03,0.2817839,0.014540742,-0.18169351,0.0054203235,0.0,0.0,1,3,0,0,0,0
1423,8,black,Black,0.98,-1.02,0.29491585,0.024966773,-0.743338,0.0036192802,0.0,0.0,1,3,0,0,0,0
1424,10,black,Black,0.975,-0.42500000000000004,0.43316203,0.02440902,-0.464796,0.35612753,0.0,0.0,0,3,0,1,0,1
1425,10,black,Black,0.975,-1.025,0.1369348,0.02372973,0.2074629,0.010613581,0.0,0.0,1,3,0,0,0,0
1426,11,white,Black,-0.53,0.975,-0.5448528,0.778481,-0.77225494,1.11552,0.0,0.0,2,2,0,1,0,0
1427,12,black,Black,0.47,-0.53,0.04224954,0.12182034,0.12569547,0.07861604,0.0,0.0,2,3,0,0,0,0
1428,12,black,Black,0.97,-1.03,0.15004914,0.012706044,-0.20987324,0.016456774,0.0,0.0,1,3,0,0,0,0
1429,10,black,Black,0.975,-1.025,0.23566656,0.017309146,-1.2176859,0.016541306,0.0,0.0,1,3,0,0,0,0
1430,10,black,Black,0.475,-0.525,0.532938,0.111321405,0.17581125,0.04923021,0.0,0.0,2,3,0,0,0,0
1431,12,black,Black,0.47,0.16999999999999998,-0.1321326,0.050472658,0.92756635,0.21744274,0.0,0.0,1,3,0,1,0,2
1432,8,black,Black,1.48,-1.52,0.034644805,0.08148238,0.025858432,0.09175668,0.0,0.0,0,3,0,0,0,0
1433,15,white,Black,-0.54,0.465,-0.7080737,0.66829485,0.3498351,0.6138827,0.0,0.0,3,2,0,0,0,0
1434,14,black,Black,0.965,-1.035,-0.11890166,0.02575113,-0.29764587,0.05362913,0.0,0.0,1,3,0,0,0,0
1435,9,white,Black,-0.525,0.48,-0.09451733,0.513957,0.008598357,0.435207,0.0,0.0,3,2,0,0,0,0
1436,11,white,Black,-0.53,0.475,-0.23715806,0.7825618,1.2014706,0.7367754,0.0,0.0,3,2,0,0,0,0
1437,11,white,Black,-0.53,0.475,-1.1950315,0.55257076,0.32052547,0.51046216,0.0,0.0,3,2,0,0,0,0
1438,12,black,Black,0.47,-0.53,-0.35497388,0.029947639,0.06526538,0.014433143,0.0,0.0,2,3,0,0,0,0
1439,12,black,Black,0.97,-1.03,0.17221415,0.011127603,0.16077065,0.024283184,0.0,0.0,1,3,0,0,0,0
1440,8,white,Black,-0.52,0.98,-0.33069777,0.5701288,-0.19123733,0.85080516,0.0,0.0,2,2,0,1,0,0
1441,10,black,Black,0.475,-0.525,-0.35169953,0.015957786,-0.8525826,0.015154168,0.0,0.0,2,3,0,0,0,0
1442,14,black,Black,0.465,-0.435,-0.82657045,0.07561183,0.04632044,0.025719462,0.0,0.0,2,3,0,0,0,1
1443,8,black,Black,0.98,-0.92,-0.3726661,0.11212729,0.021821067,0.08496601,0.0,0.0,1,3,0,0,0,1
1444,12,black,Black,1.47,-1.53,0.54420453,0.2221063,-0.5596247,0.22132981,0.0,0.0,0,3,0,0,0,0
1445,12,black,Black,0.67,-0.53,0.16955888,0.0029382426,-0.10764877,0.028316496,0.0,0.0,2,3,0,0,2,0
1446,12,black,Black,0.47,-0.53,-0.060400903,0.010995726,-0.48753536,0.024825936,0.0,0.0,2,3,0,0,0,0
1447,7,white,Black,-1.02,0.985,-0.053652465,0.79988647,0.49198285,0.6684851,0.0,0.0,3,1,0,0,0,0
1448,8,black,Black,1.48,-1.42,0.17641729,0.2578842,-0.6170242,0.22937737,0.0,0.0,0,3,0,0,0,1
1449,16,black,Black,0.46,-0.54,0.045520097,0.025028395,0.5097283,0.009069802,0.0,0.0,2,3,0,0,0,0
1450,10,black,Black,0.975,-1.025,0.54903996,0.0220427,-0.89631605,0.02937839,0.0,0.0,1,3,0,0,0,0
1451,10,black,Black,0.475,-0.325,-0.51018345,0.024857009,0.21207047,0.095049486,0.0,0.0,2,3,0,0,0,2
1452,8,black,Black,1.58,-0.82,0.12187654,0.37480313,-0.5641405,0.036695637,0.0,0.0,1,2,1,0,1,2
1453,10,black,Black,0.975,-1.025,0.39010862,0.03174562,-0.3811044,0.042812563,0.0,0.0,1,3,0,0,0,0
1454,10,black,Black,0.975,-1.025,-0.04572613,0.029774765,-0.21614245,0.04022716,0.0,0.0,1,3,0,0,0,0
1455,16,black,Black,0.46,-0.54,-0.12173948,0.03786401,0.13125214,0.025686868,0.0,0.0,2,3,0,0,0,0
1456,14,black,Black,0.965,-0.935,-0.39463288,0.115873694,-0.09611841,0.118882276,0.0,0.0,1,3,0,0,0,1
1457,12,black,Black,0.97,-1.03,0.02401948,0.024415182,-0.11472479,0.03795586,0.0,0.0,1,3,0,0,0,0
1458,14,black,Black,0.465,-0.535,-0.22314882,0.016892063,0.21933039,0.0084326,0.0,0.0,2,3,0,0,0,0
1459,14,black,Black,0.965,-1.035,-0.03457141,0.040534627,-0.3710846,0.046710946,0.0,0.0,1,3,0,0,0,0
1460,10,black,Black,0.475,0.07499999999999997,-0.22183332,0.015592608,0.681062,0.19861634,0.0,0.0,1,3,0,1,0,1
1461,10,black,Black,1.475,-1.525,0.14887623,0.16905458,-0.12895422,0.15568388,0.0,0.0,0,3,0,0,0,0
1462,8,black,Black,0.98,-1.02,-1.157065,0.09848442,0.09250021,0.09855685,0.0,0.0,1,3,0,0,0,0
1463,11,white,Black,-0.43,1.275,-0.81408566,0.49933663,-0.581339,1.1286737,0.0,0.0,2,2,0,1,1,3
1464,10,black,Black,0.475,-0.525,-0.5129189,0.022377828,-0.09361026,0.012287252,0.0,0.0,2,3,0,0,0,0
1465,14,black,Black,0.965,-0.735,-0.24786103,0.019121364,-0.123889245,0.006832673,0.0,0.0,1,3,0,0,0,3
1466,13,white,Black,-0.535,0.67,-0.2753556,0.74185,0.13190885,0.81704783,0.0,0.0,3,2,0,0,0,2
1467,12,black,Black,0.47,-0.53,0.012102748,0.080524206,0.12598999,0.050794538,0.0,0.0,2,3,0,0,0,0
1468,12,black,Black,0.97,-1.03,-1.0232085,0.060319763,-0.28740248,0.08131447,0.0,0.0,1,3,0,0,0,0
1469,12,black,Black,0.47,-0.53,-0.33402202,0.054896295,0.5930906,0.03838024,0.0,0.0,2,3,0,0,0,0
1470,10,black,Black,0.975,-1.025,-0.17101681,0.014436339,-0.4228898,0.04114718,0.0,0.0,1,3,0,0,0,0
1471,12,black,Black,1.07,-1.03,-0.13151246,0.016303465,-0.2820494,0.015595205,0.0,0.0,1,3,0,0,1,0
1472,14,black,Black,0.565,-0.535,0.4403403,0.058319245,-0.014812895,0.041500095,0.0,0.0,2,3,0,0,1,0
1473,12,black,Black,0.97,-0.93,-0.5082683,0.007828488,0.031449657,0.0064893663,0.0,0.0,1,3,0,0,0,1
1474,10,black,Black,0.975,-1.025,-0.28624564,0.0184359,-0.12841079,0.022833414,0.0,0.0,1,3,0,0,0,0
1475,9,black,Black,1.975,-1.52,-0.20342651,0.56181467,-0.31844842,0.18636133,0.0,0.0,0,2,1,0,0,0
1476,10,black,Black,0.975,-0.925,0.040005494,0.007986146,-0.448059,0.0058291033,0.0,0.0,1,3,0,0,0,1
1477,10,black,Black,0.975,-1.025,-0.085511826,0.0160008,1.5601807,0.025264759,0.0,0.0,1,3,0,0,0,0
1478,10,black,Black,1.475,-1.425,-0.2505484,0.15385897,0.008179903,0.10438435,0.0,0.0,0,3,0,0,0,1
1479,12,black,Black,0.47,0.16999999999999998,-0.10620234,0.030437117,0.14543115,0.19179201,0.0,0.0,1,3,0,1,0,2
1480,12,black,Black,0.97,-1.03,0.24042492,0.0068757343,-0.3462658,0.014862106,0.0,0.0,1,3,0,0,0,0
1481,12,black,Black,1.47,-1.53,0.19259228,0.122613646,-0.5656388,0.16293345,0.0,0.0,0,3,0,0,0,0
1482,10,black,Black,0.975,-0.925,-0.403203,0.031868238,-0.30412987,0.030792287,0.0,0.0,1,3,0,0,0,1
1483,11,white,Black,-0.53,0.475,-0.72727567,0.6647275,0.2408597,0.5582639,0.0,0.0,3,2,0,0,0,0
1484,14,black,Black,0.965,-0.735,0.76381594,0.0070973947,1.0385845,0.023564471,0.0,0.0,1,3,0,0,0,3
1485,12,black,Black,1.07,-1.03,0.06635201,0.008627463,-0.2474096,0.015792051,0.0,0.0,1,3,0,0,1,0
1486,10,black,Black,1.475,-1.425,-0.5854622,0.12290565,-0.51124716,0.092147045,0.0,0.0,0,3,0,0,0,1
1487,11,white,Black,-0.53,0.475,-0.69610673,0.6923397,-0.25276154,0.6476983,0.0,0.0,3,2,0,0,0,0
1488,12,black,Black,1.47,-1.33,0.30592906,0.10768229,-0.1080302,0.064253695,0.0,0.0,0,3,0,0,0,2
1489,13,white,Black,-0.535,1.07,-0.46706867,0.7477649,0.10117531,1.1106577,0.0,0.0,2,2,0,1,0,1
1490,12,black,Black,1.07,-1.03,-0.12627606,0.01982971,-0.074308194,0.03495663,0.0,0.0,1,3,0,0,1,0
1491,14,black,Black,0.465,0.065,-0.25464326,0.14800893,-0.21058665,0.48598346,0.0,0.0,1,3,0,1,0,1
1492,10,black,Black,1.575,-1.525,0.2992736,0.14409861,-0.7271879,0.14168675,0.0,0.0,0,3,0,0,1,0
1493,10,black,Black,0.975,-1.025,-0.08145325,0.003885292,-2.0055804,0.0032669671,0.0,0.0,1,3,0,0,0,0
1494,12,black,Black,1.47,-1.43,-0.28338924,0.0957821,-0.40674695,0.08525873,0.0,0.0,0,3,0,0,0,1
1495,10,black,Black,1.475,-1.525,-0.57994586,0.08406633,-0.32995784,0.09296705,0.0,0.0,0,3,0,0,0,0
1496,8,black,Black,0.48,-0.52,-0.33176768,0.11928701,0.6664675,0.07581152,0.0,0.0,2,3,0,0,0,0
1497,12,black,Black,1.47,-1.53,-0.1701202,0.07847955,-0.7372596,0.11552771,0.0,0.0,0,3,0,0,0,0
1498,10,black,Black,0.975,-0.925,0.008530354,0.0073625273,0.15976472,0.0034429133,0.0,0.0,1,3,0,0,0,1
1499,10,black,Black,1.475,-1.525,0.04055791,0.083892584,-0.32981414,0.10033773,0.0,0.0,0,3,0,0,0,0
1500,10,black,Black,0.975,-1.025,-0.7590335,0.014649521,-0.08621967,0.030903572,0.0,0.0,1,3,0,0,0,0
1501,12,black,Black,0.97,-1.03,-0.22332649,0.011898458,0.16648836,0.015234037,0.0,0.0,1,3,0,0,0,0
1502,12,black,Black,1.07,-0.93,0.28094688,0.0034991873,0.13899879,0.004612633,0.0,0.0,1,3,0,0,1,1
1503,8,black,Black,0.98,-1.02,0.5458721,0.013422634,0.32139945,0.027244534,0.0,0.0,1,3,0,0,0,0
1504,10,black,Black,0.475,-0.525,-0.09020811,0.094155304,0.3331662,0.051569283,0.0,0.0,2,3,0,0,0,0
1505,11,white,Black,-0.93,0.975,-0.52130115,0.98522425,0.1740284,0.79412305,0.0,0.0,3,1,0,0,1,0
1506,10,black,Black,0.975,-1.025,0.17887726,0.012068932,0.3093675,0.028664604,0.0,0.0,1,3,0,0,0,0
1507,10,black,Black,0.975,-1.025,-0.55231476,0.023129562,0.45817834,0.027868375,0.0,0.0,1,3,0,0,0,0
1508,10,black,Black,0.975,-0.925,-0.28754145,0.009607136,0.25060883,0.026882062,0.0,0.0,1,3,0,0,0,1
1509,10,black,Black,1.475,-1.525,0.4390444,0.04794418,-0.1516925,0.043531615,0.0,0.0,0,3,0,0,0,0
1510,9,white,Black,-0.525,0.48,-0.44464952,0.60665286,0.626503,0.4090244,0.0,0.0,3,2,0,0,0,0
1511,10,black,Black,0.475,-0.525,-0.2619533,0.1324073,0.70528173,0.11916417,0.0,0.0,2,3,0,0,0,0
1512,12,black,Black,0.97,-1.03,0.8001997,0.02511537,0.05947399,0.03976239,0.0,0.0,1,3,0,0,0,0
1513,14,black,Black,0.465,-0.535,-0.62632525,0.1331348,0.27844095,0.0895174,0.0,0.0,2,3,0,0,0,0
1514,12,black,Black,1.47,-1.43,-0.14774956,0.08544433,-0.2727133,0.06774067,0.0,0.0,0,3,0,0,0,1
1515,12,black,Black,0.47,0.16999999999999998,0.090167366,0.047116503,0.038822014,0.2764672,0.0,0.0,1,3,0,1,0,2
1516,9,white,Black,-1.025,1.48,-0.6308834,1.1428558,-1.1238594,1.6971442,0.0,0.0,2,1,0,1,0,0
1517,10,black,Black,1.575,-1.525,-0.047857594,0.17350435,2.6810582,0.1070747,0.0,0.0,0,3,0,0,1,0
1518,14,black,Black,0.965,-1.035,0.0942751,0.055493213,0.14307363,0.05484054,0.0,0.0,1,3,0,0,0,0
1519,12,black,Black,1.07,-0.93,-0.4299474,0.04194766,-0.4439874,0.03168841,0.0,0.0,1,3,0,0,1,1
1520,13,white,Black,-0.535,0.97,0.22581278,0.6937006,0.12586518,1.0646073,0.0,0.0,2,2,0,1,0,0
1521,10,black,Black,1.575,-1.425,0.04143163,0.13537738,-0.45109767,0.05377581,0.0,0.0,0,3,0,0,1,1
1522,10,black,Black,2.175,-1.525,0.13076802,0.54193586,-0.3909431,0.09598453,0.0,0.0,0,2,1,0,2,0
1523,12,black,Black,1.07,-1.03,-0.106743716,0.0038142402,-0.21739392,0.015578002,0.0,0.0,1,3,0,0,1,0
1524,12,white,Black,-0.53,1.07,1.0855898,0.85994154,-0.05117774,1.2429663,0.0,0.0,2,2,0,1,0,1
1525,10,black,Black,0.975,-1.025,-0.3279198,0.012195346,1.2781278,0.0050690947,0.0,0.0,1,3,0,0,0,0
1526,10,black,Black,0.975,-1.025,0.3805845,0.011426242,0.07325544,0.008695543,0.0,0.0,1,3,0,0,0,0
1527,12,black,Black,1.57,-1.53,0.5759154,0.15694,-0.28737354,0.11532725,0.0,0.0,0,3,0,0,1,0
1528,12,black,Black,0.97,-0.93,0.18024664,0.0046391776,-0.02228739,0.018476611,0.0,0.0,1,3,0,0,0,1
1529,10,black,Black,0.975,-1.025,-0.08603723,0.0029411712,-0.653365,0.004128684,0.0,0.0,1,3,0,0,0,0
1530,12,black,Black,0.47,0.06999999999999999,-0.28496984,0.0593404,0.4851462,0.26203358,0.0,0.0,1,3,0,1,0,1
1531,12,black,Black,0.97,-1.03,-0.28445387,0.03447333,0.11727511,0.052395895,0.0,0.0,1,3,0,0,0,0
1532,14,black,Black,0.465,-0.435,-0.45762184,0.1015137,0.49873564,0.11129371,0.0,0.0,2,3,0,0,0,1
1533,10,black,Black,0.975,-1.025,0.5152699,0.016610129,0.53193915,0.019021044,0.0,0.0,1,3,0,0,0,0
1534,12,black,Black,0.47,-0.43,-0.7380125,0.07690865,0.20850427,0.065643124,0.0,0.0,2,3,0,0,0,1
1535,9,white,Black,-0.425,0.58,-1.1347213,0.2799423,0.211146,0.3272021,0.0,0.0,3,2,0,0,1,1
1536,10,black,Black,0.475,-0.025000000000000005,-0.5172985,0.059992127,0.36678326,0.25139442,0.0,0.0,1,3,0,1,0,0
1537,12,black,Black,1.47,-1.53,-0.49376014,0.1197899,0.1254117,0.13252361,0.0,0.0,0,3,0,0,0,0
1538,10,black,Black,1.575,-1.025,-2.1592078,0.2390736,0.16809797,0.009982179,0.0,0.0,1,2,1,0,1,0
1539,14,black,Black,0.465,0.065,0.36784863,0.120548524,0.16033287,0.4195118,0.0,0.0,1,3,0,1,0,1
1540,12,black,Black,0.97,-1.03,-0.46574226,0.0020299682,0.06576655,0.0077752895,0.0,0.0,1,3,0,0,0,0
1541,12,black,Black,1.07,-1.03,-0.17419691,0.01960777,0.4156387,0.016427385,0.0,0.0,1,3,0,0,1,0
1542,12,black,Black,0.47,0.06999999999999998,-0.6774598,0.08611631,0.44198832,0.16984977,0.0,0.0,1,3,0,1,0,1
1543,16,black,Black,0.46,-0.44,-0.32165813,0.07524954,-0.053572,0.06240844,0.0,0.0,2,3,0,0,0,1
1544,12,black,Black,0.47,0.06999999999999998,-0.24388038,0.03588089,0.22652902,0.13637973,0.0,0.0,1,3,0,1,0,1
1545,10,black,Black,1.475,-1.525,-0.047460817,0.122780606,0.10270345,0.12561768,0.0,0.0,0,3,0,0,0,0
1546,8,black,Black,0.98,-1.02,0.2791056,0.0028952558,-0.7248982,0.011025633,0.0,0.0,1,3,0,0,0,0
1547,10,black,Black,1.975,-1.425,0.33901122,0.4587323,-0.2540982,0.1481153,0.0,0.0,0,2,1,0,0,1
1548,10,black,Black,1.475,-1.425,0.3608291,0.14293101,-0.09008412,0.15534513,0.0,0.0,0,3,0,0,0,1
1549,10,black,Black,0.975,-1.025,-0.059259523,0.15596971,-0.7309922,0.1583316,0.0,0.0,1,3,0,0,0,0
1550,14,black,Black,0.965,-1.035,-0.16963038,0.027289426,-0.7747672,0.060779847,0.0,0.0,1,3,0,0,0,0
1551,10,black,Black,1.475,-1.525,-0.020613814,0.112017706,-0.61947393,0.17159411,0.0,0.0,0,3,0,0,0,0
1552,15,white,Black,-0.54,0.565,-0.04957518,0.5656884,0.0005091769,0.5032541,0.0,0.0,3,2,0,0,0,1
1553,12,black,Black,1.07,-1.03,-0.7235594,0.03002202,0.19545008,0.043238442,0.0,0.0,1,3,0,0,1,0
1554,12,black,Black,0.47,-0.43,0.15547238,0.037472423,-0.6244798,0.03530561,0.0,0.0,2,3,0,0,0,1
1555,12,black,Black,1.57,-1.53,0.1355247,0.13062261,-0.7811093,0.145487,0.0,0.0,0,3,0,0,1,0
1556,14,black,Black,0.565,-0.435,0.37416077,0.038997836,0.57409924,0.03191298,0.0,0.0,2,3,0,0,1,1
1557,12,black,Black,0.97,-1.03,-0.32931063,0.013269446,-0.20901592,0.008996598,0.0,0.0,1,3,0,0,0,0
1558,12,black,Black,0.97,-1.03,0.2971476,0.0060693785,0.08974686,0.017524468,0.0,0.0,1,3,0,0,0,0
1559,12,black,Black,0.97,-1.03,-0.97987,0.007294897,0.14666724,0.015844252,0.0,0.0,1,3,0,0,0,0
1560,6,black,Black,1.485,-1.515,-0.13171752,0.08002791,0.30158818,0.10652238,0.0,0.0,0,3,0,0,0,0
1561,8,black,Black,0.98,-1.02,-0.8125785,0.021419916,-0.6072822,0.017116396,0.0,0.0,1,3,0,0,0,0
1562,10,black,Black,0.475,-0.525,0.13941917,0.14437778,0.19188246,0.06922328,0.0,0.0,2,3,0,0,0,0
1563,12,black,Black,0.97,-0.93,-0.02092568,0.009913061,0.08762232,0.0049457895,0.0,0.0,1,3,0,0,0,1
1564,12,black,Black,1.57,-1.43,0.065814935,0.087534934,-0.53307635,0.046135634,0.0,0.0,0,3,0,0,1,1
1565,12,black,Black,1.47,-1.53,0.04543233,0.06943882,0.24412751,0.056997735,0.0,0.0,0,3,0,0,0,0
1566,12,black,Black,1.47,-1.53,0.25137743,0.08767439,0.25081855,0.08154941,0.0,0.0,0,3,0,0,0,0
1567,10,black,Black,0.975,-1.025,0.2457188,0.02085724,-0.7126581,0.035406303,0.0,0.0,1,3,0,0,0,0
1568,12,black,Black,1.47,-1.53,-0.19667298,0.059416115,-0.025231728,0.07091371,0.0,0.0,0,3,0,0,0,0
1569,12,black,Black,1.47,-1.53,-0.4870228,0.07494058,-0.69982344,0.060144886,0.0,0.0,0,3,0,0,0,0
1570,12,black,Black,1.47,-1.53,-0.3277956,0.059995234,0.43524075,0.04306419,0.0,0.0,0,3,0,0,0,0
1571,10,black,Black,0.975,-1.025,0.19855852,0.020287905,0.3014279,0.030588096,0.0,0.0,1,3,0,0,0,0
1572,14,black,Black,1.565,-1.535,0.44076917,0.08129156,-0.19797646,0.053134587,0.0,0.0,0,3,0,0,1,0
1573,12,black,Black,0.97,-1.03,-0.7190671,0.014180007,0.09858799,0.012547662,0.0,0.0,1,3,0,0,0,0
1574,12,black,Black,0.97,-0.93,0.7037987,0.025660893,0.17040706,0.019112559,0.0,0.0,1,3,0,0,0,1
1575,14,black,Black,0.965,-0.835,-0.1468419,0.033528652,0.16486083,0.081545964,0.0,0.0,1,3,0,0,0,2
1576,15,white,Black,-0.54,0.465,-0.9460351,0.71682525,0.27863488,0.6109287,0.0,0.0,3,2,0,0,0,0
1577,14,black,Black,0.565,-0.535,-0.3981498,0.12610722,0.30705193,0.12494797,0.0,0.0,2,3,0,0,1,0
1578,13,white,Black,-0.535,0.47,-0.3979087,0.7576723,0.3614904,0.6845774,0.0,0.0,3,2,0,0,0,0
1579,10,black,Black,1.475,-1.525,0.47787207,0.038596556,-0.24564496,0.026641082,0.0,0.0,0,3,0,0,0,0
1580,12,black,Black,0.47,-0.53,-0.2776942,0.123050876,0.39316115,0.0888072,0.0,0.0,2,3,0,0,0,0
1581,12,black,Black,1.47,-1.53,-0.05612306,0.04108585,-0.2637385,0.025113968,0.0,0.0,0,3,0,0,0,0
1582,14,black,Black,0.965,-1.035,-0.49531767,0.018243339,-0.3620407,0.027231187,0.0,0.0,1,3,0,0,0,0
1583,12,black,Black,1.47,-1.53,0.5367036,0.0397669,-0.49901247,0.05405845,0.0,0.0,0,3,0,0,0,0
1584,12,black,Black,0.47,-0.43,-0.8505388,0.17240357,0.7996561,0.17068571,0.0,0.0,2,3,0,0,0,1
1585,12,black,Black,0.57,-0.53,-1.0564152,0.091801204,0.29435536,0.075857006,0.0,0.0,2,3,0,0,1,0
1586,12,black,Black,1.47,-1.53,0.049818438,0.042504072,-0.10137502,0.049378555,0.0,0.0,0,3,0,0,0,0
1587,16,black,Black,1.16,-1.04,-0.31906357,0.0033206465,0.10377097,0.004937175,0.0,0.0,1,3,0,0,2,0
1588,12,black,Black,0.97,-0.93,-0.21448044,0.013305727,0.75334406,0.022201538,0.0,0.0,1,3,0,0,0,1
1589,12,black,Black,1.07,-1.03,-0.28731835,0.0076895673,0.24730335,0.02381403,0.0,0.0,1,3,0,0,1,0
1590,11,white,Black,-0.53,0.475,-0.33426058,0.50838643,0.023173666,0.4743533,0.0,0.0,3,2,0,0,0,0
1591,14,black,Black,0.965,-1.035,-0.0358369,0.013101818,0.708204,0.049073815,0.0,0.0,1,3,0,0,0,0
1592,10,black,Black,1.475,-1.525,-0.8323746,0.052239157,0.38658816,0.067543074,0.0,0.0,0,3,0,0,0,0
1593,10,black,Black,1.475,-1.525,-0.002183628,0.059868325,-1.0671937,0.048125714,0.0,0.0,0,3,0,0,0,0
1594,8,black,Black,1.48,-1.52,0.67240393,0.072466314,-1.8297946,0.030273959,0.0,0.0,0,3,0,0,0,0
1595,10,black,Black,1.075,-1.025,-2.3450704,0.0024324767,0.18717566,0.015472861,0.0,0.0,1,3,0,0,1,0
1596,12,black,Black,0.97,-1.03,-0.06797003,0.0259464,0.046495337,0.0547909,0.0,0.0,1,3,0,0,0,0
1597,10,black,Black,0.975,-1.025,0.28090236,0.010554439,-0.6786364,0.022066899,0.0,0.0,1,3,0,0,0,0
1598,12,black,Black,0.97,-1.03,-0.043593824,0.011958248,0.32972598,0.019682556,0.0,0.0,1,3,0,0,0,0
1599,12,black,Black,1.47,-1.43,0.15403132,0.07617869,-0.830123,0.063364245,0.0,0.0,0,3,0,0,0,1
1600,10,black,Black,0.975,-1.025,0.59851617,0.017875716,0.81084585,0.005949848,0.0,0.0,1,3,0,0,0,0
1601,14,black,Black,0.965,-1.035,-0.3705623,0.006870576,0.70845705,0.002012857,0.0,0.0,1,3,0,0,0,0
1602,10,black,Black,0.975,-0.925,-2.278697,0.0733855,-0.6741213,0.06377678,0.0,0.0,1,3,0,0,0,1
1603,12,black,Black,0.97,-1.03,-0.2406513,0.107348464,-0.2725702,0.037289683,0.0,0.0,1,3,0,0,0,0
1604,10,black,Black,0.975,-1.025,-0.32565573,0.024922553,0.39862686,0.0018481547,0.0,0.0,1,3,0,0,0,0
1605,12,black,Black,1.07,-1.03,0.8590088,0.007822694,-0.073499136,0.01560985,0.0,0.0,1,3,0,0,1,0
1606,12,black,Black,1.47,-1.53,0.3359115,0.05890091,-0.62784714,0.06388035,0.0,0.0,0,3,0,0,0,0
1607,12,black,Black,0.97,-1.03,-0.04752771,0.01665901,0.37887606,0.022152498,0.0,0.0,1,3,0,0,0,0
1608,8,black,Black,0.98,-0.92,0.19031549,0.011985095,-0.19136333,0.042585477,0.0,0.0,1,3,0,0,0,1
1609,12,black,Black,0.97,-1.03,0.12259569,0.018577375,-0.43075752,0.01251787,0.0,0.0,1,3,0,0,0,0
1610,10,black,Black,1.475,-1.525,0.1243927,0.057104997,-0.55874527,0.080745056,0.0,0.0,0,3,0,0,0,0
1611,14,black,Black,0.965,-1.035,-0.1117803,0.017125791,-0.06504549,0.0052852416,0.0,0.0,1,3,0,0,0,0
1612,8,black,Black,1.48,-1.52,0.17269711,0.05482082,-0.5116724,0.06963092,0.0,0.0,0,3,0,0,0,0
1613,12,black,Black,0.97,-1.03,-0.947877,0.09693497,-0.15330118,0.025608266,0.0,0.0,1,3,0,0,0,0
1614,10,black,Black,0.475,-0.525,-0.17239416,0.14874345,-0.19423485,0.07292892,0.0,0.0,2,3,0,0,0,0
1615,12,black,Black,0.97,-1.03,-0.5521216,0.08835287,0.15312874,0.023649177,0.0,0.0,1,3,0,0,0,0
1616,12,black,Black,0.97,-1.03,-0.29603535,0.0073120906,0.024278859,0.020162653,0.0,0.0,1,3,0,0,0,0
1617,12,black,Black,0.97,-0.93,0.2017004,0.021343218,0.5039502,0.040641695,0.0,0.0,1,3,0,0,0,1
1618,10,black,Black,1.475,-1.525,0.02947643,0.05992925,0.15411893,0.05135292,0.0,0.0,0,3,0,0,0,0
1619,8,black,Black,1.48,-1.52,1.3129532,0.040240966,-1.1482451,0.019763038,0.0,0.0,0,3,0,0,0,0
1620,12,black,Black,1.47,-1.53,0.84562254,0.036204506,0.0803562,0.030355731,0.0,0.0,0,3,0,0,0,0
1621,14,black,Black,1.565,-1.335,-0.28313527,0.062228467,-0.10918722,0.021124294,0.0,0.0,0,3,0,0,1,2
1622,12,black,Black,1.47,-1.53,-0.24427347,0.057092,0.021181544,0.049557153,0.0,0.0,0,3,0,0,0,0
1623,14,black,Black,1.565,-1.535,-0.046030317,0.06436621,-0.26586932,0.02957007,0.0,0.0,0,3,0,0,1,0
1624,8,black,Black,1.48,-1.52,0.66922337,0.025719872,-0.8232411,0.0092315655,0.0,0.0,0,3,0,0,0,0
1625,16,black,Black,0.96,-1.04,0.030453056,0.04250711,0.100847155,0.03195171,0.0,0.0,1,3,0,0,0,0
1626,14,black,Black,1.465,-1.535,0.077336155,0.030097013,-0.2718571,0.02448767,0.0,0.0,0,3,0,0,0,0
1627,10,black,Black,1.475,-1.425,0.7827624,0.017568815,0.1589899,0.0054904805,0.0,0.0,0,3,0,0,0,1
1628,12,black,Black,0.47,-0.43,-0.3537742,0.18919933,0.63462067,0.16096741,0.0,0.0,2,3,0,0,0,1
1629,12,black,Black,0.97,-1.03,-0.16531126,0.057059437,-0.16186833,0.067559876,0.0,0.0,1,3,0,0,0,0
1630,10,black,Black,0.975,-1.025,0.87809294,0.039332323,-0.37668595,0.03606972,0.0,0.0,1,3,0,0,0,0
1631,9,white,Black,-0.525,0.48,-0.26582867,0.8649988,-0.37549448,0.81821775,0.0,0.0,3,2,0,0,0,0
1632,10,black,Black,0.975,-1.025,-0.4862061,0.049411725,0.009714484,0.023727205,0.0,0.0,1,3,0,0,0,0
1633,10,black,Black,0.975,-0.925,-0.0476768,0.0583299,0.63564557,0.06806999,0.0,0.0,1,3,0,0,0,1
1634,12,black,Black,1.47,-1.53,0.77730554,0.016281974,-0.5403004,0.03691301,0.0,0.0,0,3,0,0,0,0
1635,10,black,Black,0.475,-0.525,-0.44871435,0.26460445,-0.38545427,0.21117404,0.0,0.0,2,3,0,0,0,0
1636,10,black,Black,0.475,-0.525,-0.742852,0.15122741,1.4251264,0.119076274,0.0,0.0,2,3,0,0,0,0
1637,12,black,Black,1.47,-1.53,-0.07588241,0.023921767,-0.8111722,0.015976293,0.0,0.0,0,3,0,0,0,0
1638,10,black,Black,1.475,-1.425,-0.12867622,0.026427746,-0.18548355,0.010743732,0.0,0.0,0,3,0,0,0,1
1639,14,black,Black,1.065,-1.035,0.1798496,0.01380801,0.5073692,0.008122894,0.0,0.0,1,3,0,0,1,0
1640,14,black,Black,0.965,-0.935,-0.115850806,0.01245702,0.7783872,0.029856252,0.0,0.0,1,3,0,0,0,1
1641,12,black,Black,1.07,-1.03,-0.27952227,0.049392313,0.39585558,0.020950945,0.0,0.0,1,3,0,0,1,0
1642,12,black,Black,0.97,-1.03,0.14999087,0.023159556,0.21164967,0.012833025,0.0,0.0,1,3,0,0,0,0
1643,16,black,Black,0.96,-1.04,-0.3292488,0.017168112,0.63190734,0.025193177,0.0,0.0,1,3,0,0,0,0
1644,10,black,Black,0.975,-1.025,0.38704336,0.008925329,-0.8524459,0.008676888,0.0,0.0,1,3,0,0,0,0
1645,12,black,Black,0.97,-1.03,0.4824803,0.011914465,-0.17071009,0.0070680417,0.0,0.0,1,3,0,0,0,0
1646,10,black,Black,0.475,-0.525,-0.11697246,0.06903384,-0.17337385,0.028794985,0.0,0.0,2,3,0,0,0,0
1647,10,black,Black,1.475,-1.525,-0.21997721,0.06042376,-0.11368265,0.055942345,0.0,0.0,0,3,0,0,0,0
1648,11,white,Black,-1.03,0.975,-0.49843812,1.210685,-0.05391593,1.0664276,0.0,0.0,3,1,0,0,0,0
1649,10,black,Black,0.475,-0.525,-0.46747765,0.06522482,-0.036565114,0.04323291,0.0,0.0,2,3,0,0,0,0
1650,12,black,Black,0.97,-1.03,0.34482756,0.004978114,0.4230082,0.0064312457,0.0,0.0,1,3,0,0,0,0
1651,8,black,Black,0.98,-1.02,-0.22524445,0.0057544378,0.48755214,0.0055584153,0.0,0.0,1,3,0,0,0,0
1652,14,black,Black,1.065,-1.035,0.07041584,0.0043512797,0.5674589,0.003913764,0.0,0.0,1,3,0,0,1,0
1653,12,black,Black,1.47,-1.53,0.9239518,0.09257754,0.1231604,0.08454303,0.0,0.0,0,3,0,0,0,0
1654,10,black,Black,1.075,-1.025,-0.076740146,0.008349023,-0.22414915,0.0028053732,0.0,0.0,1,3,0,0,1,0
1655,10,black,Black,0.975,-1.025,0.3042357,0.0057229884,0.1581419,0.00063200865,0.0,0.0,1,3,0,0,0,0
1656,10,black,Black,1.575,-1.525,-0.24782348,0.119102344,-0.1874876,0.07820667,0.0,0.0,0,3,0,0,1,0
1657,6,black,Black,1.485,-1.515,-0.19626017,0.10836101,-0.7237604,0.11353397,0.0,0.0,0,3,0,0,0,0
1658,10,black,Black,1.475,-1.525,0.026648616,0.10222517,0.40688506,0.09373747,0.0,0.0,0,3,0,0,0,0
1659,12,black,Black,1.47,-1.43,-0.08083432,0.09093741,-0.43576837,0.05696276,0.0,0.0,0,3,0,0,0,1
1660,10,black,Black,0.975,-1.025,-0.5143706,0.002213208,0.16478631,0.0042329365,0.0,0.0,1,3,0,0,0,0
1661,12,black,Black,0.97,-1.03,-0.8338277,0.016008524,0.17438965,0.0005725553,0.0,0.0,1,3,0,0,0,0
1662,10,black,Black,1.075,-1.025,-0.46262264,0.015533251,-0.3126905,0.040123083,0.0,0.0,1,3,0,0,1,0
1663,12,black,Black,0.57,0.06999999999999998,-0.20665014,0.04425915,-0.5618829,0.32246268,0.0,0.0,1,3,0,1,1,1
1664,8,black,Black,0.98,-1.02,-0.2831478,0.0055976445,0.050069705,0.035906725,0.0,0.0,1,3,0,0,0,0
1665,10,black,Black,0.975,-1.025,-0.24272728,0.007538268,0.61019593,0.013097008,0.0,0.0,1,3,0,0,0,0
1666,12,black,Black,1.47,-1.43,0.2575276,0.05026798,-0.040514667,0.04706216,0.0,0.0,0,3,0,0,0,1
1667,10,black,Black,0.975,-1.025,0.86524355,0.011110218,-0.4271373,0.017633451,0.0,0.0,1,3,0,0,0,0
1668,12,black,Black,0.47,-0.53,0.0502746,0.10946105,-0.3550314,0.055109322,0.0,0.0,2,3,0,0,0,0
1669,10,black,Black,0.975,-1.025,0.12812868,0.0098991,0.42406017,0.012040925,0.0,0.0,1,3,0,0,0,0
1670,12,black,Black,1.47,-1.53,0.14047517,0.057837915,0.17936675,0.038100883,0.0,0.0,0,3,0,0,0,0
1671,14,black,Black,0.965,-1.035,0.18248735,0.009024361,-0.082640715,0.010135726,0.0,0.0,1,3,0,0,0,0
1672,14,black,Black,0.965,-1.035,-0.40877312,0.014655736,-0.45653373,0.010153241,0.0,0.0,1,3,0,0,0,0
1673,12,black,Black,0.97,-0.93,-0.10235238,0.018110415,-0.3367189,0.050646577,0.0,0.0,1,3,0,0,0,1
1674,13,white,Black,-0.435,1.27,0.20984426,0.76986176,0.07796562,1.4646244,0.0,0.0,2,2,0,1,1,3
1675,12,black,Black,1.47,-1.53,-0.10002786,0.067220666,-0.51427126,0.055502024,0.0,0.0,0,3,0,0,0,0
1676,11,white,Black,-0.53,1.075,-1.0662682,0.52945924,0.0021602153,0.8254288,0.0,0.0,2,2,0,1,0,1
1677,10,black,Black,0.975,-0.925,-0.012601137,0.0097378,0.046388768,0.010527959,0.0,0.0,1,3,0,0,0,1
1678,8,black,Black,1.48,-1.52,0.96840835,0.074749745,-0.40171504,0.07890793,0.0,0.0,0,3,0,0,0,0
1679,12,black,Black,1.97,-0.93,0.17691891,0.4565173,0.3415858,0.020564208,0.0,0.0,1,1,2,0,0,1
1680,14,black,Black,1.465,-1.535,0.3893149,0.06406437,-0.46754593,0.07639701,0.0,0.0,0,3,0,0,0,0
1681,9,white,Black,-0.525,0.58,-0.95490426,0.46388182,-0.948403,0.48007798,0.0,0.0,3,2,0,0,0,1
1682,10,black,Black,1.475,-1.525,-0.29483458,0.0627175,-0.022342777,0.06451995,0.0,0.0,0,3,0,0,0,0
1683,16,black,Black,0.96,-1.04,0.9457027,0.005257774,-0.28580102,0.014183387,0.0,0.0,1,3,0,0,0,0
1684,10,black,Black,0.475,-0.525,1.8254954,0.061471414,-0.06830349,0.013135677,0.0,0.0,2,3,0,0,0,0
1685,12,black,Black,1.47,-1.53,-0.13342452,0.051804822,-0.10801598,0.06022275,0.0,0.0,0,3,0,0,0,0
1686,8,black,Black,0.98,-1.02,0.28021643,0.018285511,1.0177653,0.011440616,0.0,0.0,1,3,0,0,0,0
1687,12,black,Black,0.97,-1.03,-0.07756301,0.019853728,-0.22711499,0.0064925184,0.0,0.0,1,3,0,0,0,0
1688,8,black,Black,0.98,-1.02,-0.008595765,0.014807221,-0.5664537,0.009400938,0.0,0.0,1,3,0,0,0,0
1689,12,black,Black,0.97,-1.03,0.01625827,0.013258654,-0.06803775,0.006561098,0.0,0.0,1,3,0,0,0,0
1690,6,black,Black,1.485,-1.515,0.1255455,0.058549702,0.16673446,0.057443123,0.0,0.0,0,3,0,0,0,0
1691,10,black,Black,1.475,-1.525,0.9076115,0.061735857,-0.1935525,0.05880692,0.0,0.0,0,3,0,0,0,0
1692,12,black,Black,1.47,-1.53,-0.44930086,0.06266951,-0.48229197,0.053735387,0.0,0.0,0,3,0,0,0,0
1693,10,black,Black,0.475,-0.525,-0.24142638,0.07411255,-0.15102586,0.039887816,0.0,0.0,2,3,0,0,0,0
1694,10,black,Black,1.475,-1.525,0.08634124,0.061447285,-0.0732821,0.041584905,0.0,0.0,0,3,0,0,0,0
1695,11,white,Black,-0.53,0.475,-0.3456061,0.64297646,0.8230852,0.44607028,0.0,0.0,3,2,0,0,0,0
1696,8,black,Black,0.48,-0.52,0.050317585,0.1448299,-0.3135569,0.10558659,0.0,0.0,2,3,0,0,0,0
1697,12,black,Black,0.97,-1.03,-0.43870273,0.05660219,0.03516547,0.029521076,0.0,0.0,1,3,0,0,0,0
1698,10,black,Black,0.975,-1.025,0.9117969,0.019158075,0.527037,0.0208348,0.0,0.0,1,3,0,0,0,0
1699,8,black,Black,1.48,-1.52,-0.82326704,0.055982824,-0.22590649,0.045000628,0.0,0.0,0,3,0,0,0,0
1700,14,black,Black,0.965,-1.035,-0.26079765,0.019624647,-0.309474,0.02139536,0.0,0.0,1,3,0,0,0,0
1701,10,black,Black,0.975,-1.025,-0.32652217,0.015882108,0.88267624,0.014532728,0.0,0.0,1,3,0,0,0,0
1702,12,black,Black,0.97,-1.03,-0.17168115,0.016554093,0.41802192,0.013234149,0.0,0.0,1,3,0,0,0,0
1703,14,black,Black,0.965,-1.035,-0.06586683,0.016760757,-0.09286482,0.038143095,0.0,0.0,1,3,0,0,0,0
1704,10,black,Black,0.475,-0.525,0.5129324,0.15863964,0.53176546,0.16634248,0.0,0.0,2,3,0,0,0,0
1705,12,black,Black,1.57,-1.53,-0.2249491,0.072415255,0.16391186,0.03723106,0.0,0.0,0,3,0,0,1,0
1706,12,black,Black,0.97,-0.93,-0.3698928,0.013146218,-0.08113128,0.043248396,0.0,0.0,1,3,0,0,0,1
1707,12,black,Black,1.47,-1.53,-0.27398196,0.06829985,-0.0038258631,0.057688292,0.0,0.0,0,3,0,0,0,0
1708,10,black,Black,0.575,-0.525,0.32483882,0.053006172,0.42931622,0.06590262,0.0,0.0,2,3,0,0,1,0
1709,10,black,Black,0.475,-0.525,-0.6441227,0.06341152,-0.4555493,0.03128749,0.0,0.0,2,3,0,0,0,0
1710,10,black,Black,0.975,-0.925,0.14353232,0.00521179,0.29634252,0.00900273,0.0,0.0,1,3,0,0,0,1
1711,8,black,Black,0.98,-1.02,-0.2753793,0.0046652826,0.10685408,0.0049727024,0.0,0.0,1,3,0,0,0,0
1712,9,white,Black,-0.525,0.48,-0.61672264,0.71442926,0.21730351,0.70705914,0.0,0.0,3,2,0,0,0,0
1713,10,black,Black,0.475,-0.525,-0.37020963,0.1356341,0.53171,0.15657814,0.0,0.0,2,3,0,0,0,0
1714,12,black,Black,1.47,-1.53,0.35061,0.09840002,-0.35245427,0.07756973,0.0,0.0,0,3,0,0,0,0
1715,8,black,Black,0.98,-1.02,-0.57901025,0.006062705,0.18833457,0.004871423,0.0,0.0,1,3,0,0,0,0
1716,13,white,Black,-0.535,0.47,-0.07489092,0.52141416,0.043526124,0.48838446,0.0,0.0,3,2,0,0,0,0
1717,8,black,Black,0.98,-1.02,-0.5988869,0.107792646,0.23910268,0.2024123,0.0,0.0,1,3,0,0,0,0
1718,12,black,Black,0.97,-0.53,-0.19333191,0.04228348,0.27837405,0.12702347,0.0,0.0,0,3,0,1,0,0
1719,12,black,Black,1.57,-1.53,0.24228692,0.14474294,-0.5136903,0.09810403,0.0,0.0,0,3,0,0,1,0
1720,9,white,Black,-0.525,0.48,-0.51017153,0.4739479,-0.37725177,0.37916037,0.0,0.0,3,2,0,0,0,0
1721,10,black,Black,0.975,-1.025,-0.3586393,0.00046740565,0.21262026,0.008495575,0.0,0.0,1,3,0,0,0,0
1722,14,black,Black,0.465,-0.035,-0.3074176,0.09101827,0.35420316,0.3454363,0.0,0.0,1,3,0,1,0,0
1723,8,black,Black,0.48,-0.52,-0.318598,0.021989223,0.7332839,0.062969066,0.0,0.0,2,3,0,0,0,0
1724,12,black,Black,1.47,-1.53,0.08716365,0.11420857,-0.46290088,0.09905883,0.0,0.0,0,3,0,0,0,0
1725,10,black,Black,0.975,-0.925,-0.5186175,0.0024077168,0.02940178,0.0050798194,0.0,0.0,1,3,0,0,0,1
1726,14,black,Black,0.965,-1.035,0.15776059,0.0006560308,-0.08672748,0.0018728202,0.0,0.0,1,3,0,0,0,0
1727,9,white,Black,-1.025,1.68,-0.41825357,0.751788,-0.83900166,1.2451305,0.0,0.0,2,1,0,1,0,2
1728,12,black,Black,0.47,-0.43,-0.883492,0.08144609,0.5901303,0.054740626,0.0,0.0,2,3,0,0,0,1
1729,7,white,Black,-1.02,1.585,-0.40651596,0.72500694,-1.3374953,1.1035944,0.0,0.0,2,1,0,1,0,1
1730,14,black,Black,0.965,-1.035,-0.5253891,0.04629013,0.1861699,0.042388584,0.0,0.0,1,3,0,0,0,0
1731,10,black,Black,0.975,-0.42500000000000004,0.3935152,0.28069866,0.15364942,0.1259009,0.0,0.0,0,3,0,1,0,1
1732,12,black,Black,0.47,-0.53,-0.15291,0.060445424,0.69400406,0.06343058,0.0,0.0,2,3,0,0,0,0
1733,8,black,Black,0.98,-1.02,-0.70315546,0.008246231,0.8434539,0.014129849,0.0,0.0,1,3,0,0,0,0
1734,9,white,Black,-1.025,0.98,-0.22222348,0.8067765,1.263465,0.6601487,0.0,0.0,3,1,0,0,0,0
1735,8,black,Black,1.68,-1.02,-0.344845,0.25846803,-0.8188788,0.022779942,0.0,0.0,1,2,1,0,2,0
1736,12,black,Black,1.07,-0.93,-0.5880342,0.040689494,-0.2672492,0.01415166,0.0,0.0,1,3,0,0,1,1
1737,8,black,Black,0.98,-1.02,-0.9058148,0.044637762,0.4128353,0.052824005,0.0,0.0,1,3,0,0,0,0
1738,12,black,Black,0.47,-0.53,-0.48114815,0.03406446,0.11832922,0.043973383,0.0,0.0,2,3,0,0,0,0
1739,8,black,Black,0.98,-1.02,0.60312265,0.010703106,0.57392013,0.019995477,0.0,0.0,1,3,0,0,0,0
1740,10,black,Black,0.475,-0.525,-0.7097882,0.053564556,-0.017547797,0.041654862,0.0,0.0,2,3,0,0,0,0
1741,10,black,Black,1.475,-1.525,-0.0794497,0.18125236,-0.87304974,0.17955443,0.0,0.0,0,3,0,0,0,0
1742,14,black,Black,0.565,-0.535,0.0083497595,0.052054636,0.5895864,0.026406605,0.0,0.0,2,3,0,0,1,0
1743,8,black,Black,0.48,-0.52,-0.052749358,0.043085225,0.24620384,0.011136801,0.0,0.0,2,3,0,0,0,0
1744,10,black,Black,0.475,0.07499999999999997,-0.12826392,0.023586985,-0.19103876,0.15490046,0.0,0.0,1,3,0,1,0,1
1745,13,white,Black,-0.935,0.97,-0.9663563,0.8326904,0.32113114,0.69404143,0.0,0.0,3,1,0,0,1,0
1746,8,black,Black,1.48,-1.52,-0.4508974,0.18544066,-0.26721856,0.21886954,0.0,0.0,0,3,0,0,0,0
1747,10,black,Black,0.975,-1.025,-0.60656464,0.05127715,-0.54821575,0.025896862,0.0,0.0,1,3,0,0,0,0
1748,11,white,Black,-0.53,0.475,-0.82909155,0.42238346,0.056007504,0.4056676,0.0,0.0,3,2,0,0,0,0
1749,14,black,Black,0.965,-1.035,-0.5454959,0.021325184,-0.08726328,0.046252616,0.0,0.0,1,3,0,0,0,0
1750,8,black,Black,0.98,-1.02,0.064847834,0.02813392,-0.0060874373,0.025375182,0.0,0.0,1,3,0,0,0,0
1751,7,white,Black,0.07999999999999997,0.485,-0.5151851,0.22552218,0.88668567,0.41904366,0.0,0.0,3,1,1,0,1,0
1752,10,black,Black,1.475,-1.525,-0.43405303,0.15106344,-0.7323451,0.1732333,0.0,0.0,0,3,0,0,0,0
1753,10,black,Black,0.975,-0.42500000000000004,0.06601994,0.1445324,-0.37337,0.11602511,0.0,0.0,0,3,0,1,0,1
1754,12,black,Black,0.97,-0.83,0.14398517,0.014466773,-0.122724734,0.0137773715,0.0,0.0,1,3,0,0,0,2
1755,8,black,Black,1.08,-1.02,-1.2227099,0.1816249,-0.8690524,0.26647514,0.0,0.0,1,3,0,0,1,0
1756,8,black,Black,0.98,-1.02,-0.16576806,0.035117954,-0.35734847,0.045910105,0.0,0.0,1,3,0,0,0,0
1757,7,white,Black,-0.52,0.985,-0.5957751,0.58469987,0.4024571,0.908061,0.0,0.0,2,2,0,1,0,0
1758,10,black,Black,0.475,-0.525,-0.4106029,0.0198307,-0.18334725,0.015705636,0.0,0.0,2,3,0,0,0,0
1759,12,black,Black,0.57,-0.53,0.025732303,0.03944249,-0.15510328,0.028009662,0.0,0.0,2,3,0,0,1,0
1760,7,white,Black,-1.02,0.985,-0.0013792515,0.81260455,-0.27057967,0.6968467,0.0,0.0,3,1,0,0,0,0
1761,8,black,Black,0.98,-1.02,-0.2766844,0.014321721,-1.0818193,0.011474595,0.0,0.0,1,3,0,0,0,0
1762,9,white,Black,-0.425,0.48,-1.836079,0.3640453,-0.04491655,0.29710373,0.0,0.0,3,2,0,0,1,0
1763,11,white,Black,-0.53,0.475,-0.14386582,0.43290925,-0.76073676,0.3694608,0.0,0.0,3,2,0,0,0,0
1764,8,black,Black,0.98,-1.02,-0.27240357,0.020209376,0.22097939,0.027881468,0.0,0.0,1,3,0,0,0,0
1765,12,black,Black,0.97,-0.93,-0.3692162,0.072299354,-0.26882362,0.074364066,0.0,0.0,1,3,0,0,0,1
1766,10,black,Black,0.975,-1.025,-0.161706,0.01685908,-0.20813604,0.025058512,0.0,0.0,1,3,0,0,0,0
1767,10,black,Black,1.575,-1.525,0.20425768,0.30926204,0.7112672,0.3075721,0.0,0.0,0,3,0,0,1,0
1768,9,white,Black,-0.525,0.48,-0.40432873,0.49997702,0.90905935,0.2792459,0.0,0.0,3,2,0,0,0,0
1769,12,black,Black,0.97,-1.03,0.06472939,0.032286294,-0.5492732,0.048692096,0.0,0.0,1,3,0,0,0,0
1770,10,black,Black,1.575,-1.525,0.031733107,0.22028384,-0.1792842,0.21105246,0.0,0.0,0,3,0,0,1,0
1771,14,black,Black,0.465,-0.435,1.2182143,0.039168358,-0.17702135,0.03760944,0.0,0.0,2,3,0,0,0,1
1772,10,black,Black,0.475,-0.525,-0.63802016,0.07123397,0.25757343,0.058276474,0.0,0.0,2,3,0,0,0,0
1773,10,black,Black,0.975,-0.925,0.40673763,0.03368928,0.059625674,0.057153124,0.0,0.0,1,3,0,0,0,1
1774,10,black,Black,0.975,-1.025,-0.31809995,0.024417149,-0.6573783,0.07296752,0.0,0.0,1,3,0,0,0,0
1775,12,black,Black,0.97,-1.03,-0.28703776,0.011176386,0.16150509,0.017581109,0.0,0.0,1,3,0,0,0,0
1776,12,black,Black,0.47,-0.43,-0.14075404,0.032362748,0.3058058,0.026058225,0.0,0.0,2,3,0,0,0,1
1777,10,black,Black,1.475,-1.525,-0.038150214,0.2201356,-0.39494774,0.2107552,0.0,0.0,0,3,0,0,0,0
1778,14,black,Black,1.065,-1.035,-0.7682833,0.025900248,0.15200494,0.023210404,0.0,0.0,1,3,0,0,1,0
1779,9,white,Black,-0.525,0.48,-2.064838,0.37113902,0.4453171,0.29418808,0.0,0.0,3,2,0,0,0,0
1780,13,white,Black,-0.535,0.57,-0.22724223,0.5539304,0.35405675,0.5749857,0.0,0.0,3,2,0,0,0,1
1781,12,black,Black,1.07,-1.03,0.05035873,0.037344042,0.13463195,0.04128072,0.0,0.0,1,3,0,0,1,0
1782,12,black,Black,0.97,-1.03,-0.113404274,0.054600026,-0.72784394,0.01900042,0.0,0.0,1,3,0,0,0,0
1783,12,black,Black,0.97,-1.03,0.40133658,0.07611453,-0.38302448,0.045328688,0.0,0.0,1,3,0,0,0,0
1784,12,black,Black,0.47,-0.53,-0.014911751,0.046828672,-0.100666754,0.022425579,0.0,0.0,2,3,0,0,0,0
1785,11,black,Black,1.97,-1.525,-0.23533799,0.5100176,-1.0281746,0.1779705,0.0,0.0,0,2,1,0,0,0
1786,10,black,Black,1.475,-1.525,-0.036903284,0.14238074,0.03377662,0.1302762,0.0,0.0,0,3,0,0,0,0
1787,12,black,Black,1.07,-0.43000000000000005,0.19764464,0.24442913,-0.09250338,0.10089818,0.0,0.0,0,3,0,1,1,1
1788,12,black,Black,0.47,-0.43,-0.043221135,0.076016776,0.11870698,0.09275034,0.0,0.0,2,3,0,0,0,1
1789,10,black,Black,0.975,-1.025,-0.15975651,0.0073478185,-0.42539805,0.012157341,0.0,0.0,1,3,0,0,0,0
1790,8,black,Black,1.48,-1.52,-1.0863022,0.15258688,0.38164496,0.1313519,0.0,0.0,0,3,0,0,0,0
1791,8,black,Black,2.08,-1.52,-0.14652258,0.6868614,-0.265683,0.15463412,0.0,0.0,0,2,1,0,1,0
1792,12,black,Black,0.47,-0.43,0.27048934,0.069502376,0.011572559,0.069450565,0.0,0.0,2,3,0,0,0,1
1793,12,black,Black,0.97,-1.03,0.006339093,0.00821692,-0.2917062,0.016876219,0.0,0.0,1,3,0,0,0,0
1794,12,black,Black,0.97,-1.03,-0.67594975,0.0071958075,-0.10270059,0.020467421,0.0,0.0,1,3,0,0,0,0
1795,14,black,Black,0.465,-0.535,0.14965856,0.08795286,-0.1113588,0.09401054,0.0,0.0,2,3,0,0,0,0
1796,12,black,Black,0.97,-1.03,-0.05790059,0.016207786,-0.32743505,0.030296542,0.0,0.0,1,3,0,0,0,0
1797,12,black,Black,0.57,-0.43,0.33017316,0.07796011,0.45677218,0.090016484,0.0,0.0,2,3,0,0,1,1
1798,10,black,Black,0.975,-1.025,0.20222187,0.0083123315,-1.5315149,0.0021662146,0.0,0.0,1,3,0,0,0,0
1799,12,black,Black,1.57,-1.43,0.22079782,0.0988197,-0.28980806,0.06406552,0.0,0.0,0,3,0,0,1,1
1800,8,black,Black,0.98,-1.02,-0.27804095,0.00784162,-0.14107081,0.010311909,0.0,0.0,1,3,0,0,0,0
1801,12,black,Black,1.57,-1.53,-0.32837796,0.1167906,0.29817662,0.091168016,0.0,0.0,0,3,0,0,1,0
1802,12,black,Black,0.47,-0.030000000000000006,0.27488106,0.1479934,0.35141674,0.458984,0.0,0.0,1,3,0,1,0,0
1803,12,black,Black,0.97,-1.03,-0.16883321,0.010661061,0.013533671,0.021238828,0.0,0.0,1,3,0,0,0,0
1804,12,black,Black,1.47,-1.53,-0.31597793,0.0639459,-0.39375153,0.06836546,0.0,0.0,0,3,0,0,0,0
1805,12,black,Black,0.97,-1.03,-0.19201331,0.013004764,0.115571775,0.01066908,0.0,0.0,1,3,0,0,0,0
1806,12,black,Black,0.97,-1.03,0.09510783,0.015512108,0.08805517,0.018996874,0.0,0.0,1,3,0,0,0,0
1807,11,white,Black,0.06999999999999998,0.575,0.113408364,0.47150227,-1.2607062,0.8089409,0.0,0.0,3,1,1,0,1,1
1808,12,black,Black,0.47,-0.53,-0.26751342,0.12562041,-0.7438423,0.062194068,0.0,0.0,2,3,0,0,0,0
1809,10,black,Black,0.975,-1.025,-0.06510253,0.0139494715,-0.44564277,0.0015851075,0.0,0.0,1,3,0,0,0,0
1810,12,black,Black,0.97,-1.03,-0.26774302,0.00686248,-0.6630028,0.0068519805,0.0,0.0,1,3,0,0,0,0
1811,14,black,Black,1.465,-1.535,0.4878352,0.08277515,-0.8949996,0.0875364,0.0,0.0,0,3,0,0,0,0
1812,11,white,Black,-0.53,0.575,-0.5367153,0.7030962,-0.05957036,0.706004,0.0,0.0,3,2,0,0,0,1
1813,10,black,Black,0.975,-0.825,0.2217581,0.005100384,-0.331068,0.013077791,0.0,0.0,1,3,0,0,0,2
1814,14,black,Black,0.465,-0.535,-0.633975,0.051915944,0.2834821,0.033519857,0.0,0.0,2,3,0,0,0,0
1815,8,black,Black,1.48,-1.52,0.43999717,0.09328842,-0.08078998,0.087008685,0.0,0.0,0,3,0,0,0,0
1816,8,black,Black,2.08,-1.52,0.16601929,0.3460799,1.2248151,0.09296459,0.0,0.0,0,2,1,0,1,0
1817,8,black,Black,1.08,-1.02,0.28466952,0.009013608,-0.6281078,0.0017244476,0.0,0.0,1,3,0,0,1,0
1818,14,black,Black,0.965,-1.035,-0.08972437,0.020731257,0.078009926,0.009743062,0.0,0.0,1,3,0,0,0,0
1819,12,black,Black,0.97,-1.03,-0.3612561,0.05879083,0.32150066,0.026302949,0.0,0.0,1,3,0,0,0,0
1820,10,black,Black,0.975,-1.025,-0.23765843,0.0031545549,-0.09060052,0.0077509917,0.0,0.0,1,3,0,0,0,0
1821,10,black,Black,1.475,-1.525,0.38708216,0.09108547,-0.6787013,0.09759315,0.0,0.0,0,3,0,0,0,0
1822,13,white,Black,-0.435,0.57,-0.786623,0.59722227,0.009497364,0.6697146,0.0,0.0,3,2,0,0,1,1
1823,12,black,Black,1.07,-1.03,0.11359056,0.0029231657,-0.046944737,0.019697597,0.0,0.0,1,3,0,0,1,0
1824,9,white,Black,-0.525,0.58,-0.36511534,0.60631627,0.49864972,0.6023599,0.0,0.0,3,2,0,0,0,1
1825,6,black,Black,1.485,-1.515,0.065688014,0.08436061,-0.26619315,0.11448059,0.0,0.0,0,3,0,0,0,0
1826,10,black,Black,0.975,-1.025,0.6259936,0.0029942943,-0.32325357,0.00076625886,0.0,0.0,1,3,0,0,0,0
1827,12,black,Black,0.47,-0.53,-0.109330155,0.07493872,0.061007958,0.040988214,0.0,0.0,2,3,0,0,0,0
1828,12,black,Black,1.07,-0.93,0.34882116,0.007849502,-0.04323451,0.020528786,0.0,0.0,1,3,0,0,1,1
1829,12,black,Black,1.47,-1.53,0.18950813,0.07834575,-0.43292353,0.08500886,0.0,0.0,0,3,0,0,0,0
1830,10,black,Black,0.575,-0.525,-0.19242492,0.047555823,1.492645,0.042537645,0.0,0.0,2,3,0,0,1,0
1831,10,black,Black,0.975,-1.025,-0.115986206,0.015332347,0.6093019,0.009402323,0.0,0.0,1,3,0,0,0,0
1832,13,black,Black,1.965,-1.53,-0.15169127,0.39862695,-0.18658054,0.09792421,0.0,0.0,0,2,1,0,0,0
1833,8,black,Black,0.98,-1.02,-0.8536932,0.018687095,1.4725734,0.014444522,0.0,0.0,1,3,0,0,0,0
1834,12,black,Black,1.47,-1.53,-0.31578174,0.08024144,0.09089422,0.050244395,0.0,0.0,0,3,0,0,0,0
1835,12,black,Black,0.47,-0.53,-0.93054914,0.11470801,0.78456116,0.09097149,0.0,0.0,2,3,0,0,0,0
1836,12,black,Black,1.47,-1.53,-0.10768638,0.07047782,-0.7624922,0.0474228,0.0,0.0,0,3,0,0,0,0
1837,10,black,Black,1.475,-1.525,-0.44720855,0.05905213,-0.4490142,0.06226907,0.0,0.0,0,3,0,0,0,0
1838,11,white,Black,-0.53,0.475,-0.64525443,0.55026543,1.0017736,0.55813015,0.0,0.0,3,2,0,0,0,0
1839,12,black,Black,0.47,-0.53,-0.14976536,0.08577644,-0.42686105,0.027196169,0.0,0.0,2,3,0,0,0,0
1840,12,black,Black,1.47,-1.53,0.3106706,0.054306265,-0.35487366,0.036419816,0.0,0.0,0,3,0,0,0,0
1841,12,black,Black,1.57,-1.43,0.651852,0.060966954,-0.57851774,0.03064043,0.0,0.0,0,3,0,0,1,1
1842,10,black,Black,0.975,-1.025,0.2718901,0.012223627,0.5299362,0.011724413,0.0,0.0,1,3,0,0,0,0
1843,10,black,Black,1.475,-1.525,0.2587523,0.0442997,-0.59812737,0.028396923,0.0,0.0,0,3,0,0,0,0
1844,12,black,Black,1.07,-0.53,0.332131,0.011141217,-0.041114092,0.16502744,0.0,0.0,0,3,0,1,1,0
1845,8,black,Black,0.98,-1.02,-0.6956155,0.016349887,-0.2759452,0.006297826,0.0,0.0,1,3,0,0,0,0
1846,12,black,Black,0.97,-0.93,-0.5380556,0.017931297,-0.2270689,0.02663085,0.0,0.0,1,3,0,0,0,1
1847,12,black,Black,0.97,-1.03,-0.18844336,0.103986435,0.3420805,0.0741215,0.0,0.0,1,3,0,0,0,0
1848,12,black,Black,1.57,-1.53,-0.19445288,0.04887584,-0.43531,0.043472778,0.0,0.0,0,3,0,0,1,0
1849,10,black,Black,0.975,-1.025,-0.27851832,0.030711517,-0.309149,0.07412503,0.0,0.0,1,3,0,0,0,0
1850,13,white,Black,-0.435,0.47,-0.33091635,0.59254855,-0.019316873,0.50117636,0.0,0.0,3,2,0,0,1,0
1851,12,black,Black,1.47,-1.53,0.2321275,0.031041006,-0.25757185,0.031084275,0.0,0.0,0,3,0,0,0,0
1852,11,white,Black,-0.53,0.475,0.31822675,0.67072725,0.16480756,0.5029161,0.0,0.0,3,2,0,0,0,0
1853,14,black,Black,0.965,-0.835,0.08938033,0.035422172,0.012836269,0.066222996,0.0,0.0,1,3,0,0,0,2
1854,9,white,Black,-0.525,0.48,-1.046756,0.5222103,-0.10138244,0.47283006,0.0,0.0,3,2,0,0,0,0
1855,12,black,Black,1.07,-1.03,0.18748343,0.029330855,0.44890508,0.017501697,0.0,0.0,1,3,0,0,1,0
1856,10,black,Black,0.975,-1.025,-0.6464723,0.01689464,-0.057565235,0.04205785,0.0,0.0,1,3,0,0,0,0
1857,10,black,Black,0.975,-1.025,-0.6513535,0.04355095,0.47708568,0.010495474,0.0,0.0,1,3,0,0,0,0
1858,7,white,Black,-0.92,1.485,0.005368173,0.82690275,-0.26020083,1.116218,0.0,0.0,2,1,0,1,1,0
1859,10,black,Black,0.475,-0.425,-0.4870295,0.20410948,0.52066976,0.1650656,0.0,0.0,2,3,0,0,0,1
1860,12,black,Black,1.57,-1.53,0.10580341,0.07575413,-0.34379447,0.065709986,0.0,0.0,0,3,0,0,1,0
1861,12,black,Black,0.97,-1.03,-0.33206916,0.02581849,1.0260648,0.0016387574,0.0,0.0,1,3,0,0,0,0
1862,11,white,Black,-0.53,0.475,-0.8364437,0.76407486,0.22901908,0.6892946,0.0,0.0,3,2,0,0,0,0
1863,12,black,Black,0.97,-1.03,-0.46908095,0.018264474,-0.15923631,0.005040489,0.0,0.0,1,3,0,0,0,0
1864,14,black,Black,1.465,-1.535,-0.0014024122,0.088807404,-0.60630596,0.09039519,0.0,0.0,0,3,0,0,0,0
1865,12,black,Black,1.47,-1.53,-0.44745645,0.08349216,-0.3436037,0.08545599,0.0,0.0,0,3,0,0,0,0
1866,14,black,Black,0.965,-1.035,-0.2206812,0.011268229,0.13552026,0.011987562,0.0,0.0,1,3,0,0,0,0
1867,12,black,Black,0.57,-0.53,-0.634374,0.064766586,0.39682674,0.078702144,0.0,0.0,2,3,0,0,1,0
1868,10,black,Black,0.975,-1.025,0.26825315,0.031371348,0.23261042,0.020589335,0.0,0.0,1,3,0,0,0,0
1869,10,black,Black,0.975,-1.025,-0.32139176,0.059626527,0.09389391,0.13052183,0.0,0.0,1,3,0,0,0,0
1870,14,black,Black,0.965,-1.035,0.3024382,0.0077194297,-0.06834459,0.010829003,0.0,0.0,1,3,0,0,0,0
1871,12,black,Black,0.97,-1.03,-0.45467976,0.0042691953,-0.005261898,0.0052875434,0.0,0.0,1,3,0,0,0,0
1872,10,black,Black,0.475,0.07499999999999997,-0.9300338,0.04973611,-0.5313112,0.19994459,0.0,0.0,1,3,0,1,0,1
1873,12,black,Black,0.97,-1.03,-0.05085822,0.019098746,0.014551799,0.009320357,0.0,0.0,1,3,0,0,0,0
1874,12,black,Black,0.97,-1.03,-0.29864103,0.010598308,0.7929103,0.011364584,0.0,0.0,1,3,0,0,0,0
1875,12,black,Black,0.97,-1.03,-0.088917434,0.0063454844,-0.22179015,0.010728444,0.0,0.0,1,3,0,0,0,0
1876,14,black,Black,0.965,-1.035,-0.11626005,0.0049425503,-0.7873066,0.014858491,0.0,0.0,1,3,0,0,0,0
1877,13,white,Black,-0.935,0.97,-0.368727,1.0249264,0.18623804,0.9568904,0.0,0.0,3,1,0,0,1,0
1878,10,black,Black,0.975,-1.025,-0.17638554,0.0031749043,0.35672063,0.011173733,0.0,0.0,1,3,0,0,0,0
1879,10,black,Black,0.975,-1.025,0.42493814,0.009355897,-0.27304885,0.0063259834,0.0,0.0,1,3,0,0,0,0
1880,8,black,Black,1.48,-1.52,0.17182694,0.10483438,-0.09844348,0.107415125,0.0,0.0,0,3,0,0,0,0
1881,8,black,Black,0.98,-1.02,0.004211992,0.004943975,-0.4743705,0.01742169,0.0,0.0,1,3,0,0,0,0
1882,12,black,Black,1.07,-1.03,0.0051271915,0.0119383335,0.5623252,0.01670854,0.0,0.0,1,3,0,0,1,0
1883,10,black,Black,0.975,-1.025,-0.13252191,0.0051586567,-0.17521305,0.006867086,0.0,0.0,1,3,0,0,0,0
1884,8,black,Black,0.98,-1.02,-0.30590305,0.00553283,-0.21828085,0.009279874,0.0,0.0,1,3,0,0,0,0
1885,12,black,Black,0.47,-0.43,-0.1398503,0.063084014,0.13827622,0.08727741,0.0,0.0,2,3,0,0,0,1
1886,12,black,Black,1.47,-1.53,0.07223821,0.117515855,-0.36487332,0.085158296,0.0,0.0,0,3,0,0,0,0
1887,12,black,Black,1.57,-1.53,-0.51892596,0.11364347,0.2642434,0.07008576,0.0,0.0,0,3,0,0,1,0
1888,12,black,Black,0.97,-1.03,-0.24480546,0.0728272,-0.2909794,0.06809759,0.0,0.0,1,3,0,0,0,0
1889,12,black,Black,0.97,-1.03,-0.005228301,0.004828049,-0.15536736,0.014885135,0.0,0.0,1,3,0,0,0,0
1890,12,black,Black,0.97,-0.93,-0.5693914,0.0024933286,-0.00015272696,0.011294131,0.0,0.0,1,3,0,0,0,1
1891,12,black,Black,0.97,-1.03,-0.094263196,0.0050103446,-0.19131501,0.004657291,0.0,0.0,1,3,0,0,0,0
1892,10,black,Black,0.975,-1.025,0.7200635,0.017973188,0.39855343,0.017896708,0.0,0.0,1,3,0,0,0,0
1893,10,black,Black,1.475,-1.525,0.13983174,0.10513415,-0.42705426,0.101746336,0.0,0.0,0,3,0,0,0,0
1894,14,black,Black,1.465,-1.535,-0.7329803,0.119885564,-0.11568689,0.09304893,0.0,0.0,0,3,0,0,0,0
1895,12,black,Black,1.07,-1.03,-0.7576286,0.024027176,1.1986641,0.0020283952,0.0,0.0,1,3,0,0,1,0
1896,12,black,Black,0.97,-1.03,-0.79549116,0.0079791555,-0.5916578,0.005510085,0.0,0.0,1,3,0,0,0,0
1897,10,black,Black,1.475,-1.525,-0.3535071,0.060288675,-0.5377871,0.049177352,0.0,0.0,0,3,0,0,0,0
1898,12,black,Black,0.97,-1.03,-0.21528466,0.040830944,0.16053194,0.018618336,0.0,0.0,1,3,0,0,0,0
1899,14,black,Black,0.965,-1.035,0.14140518,0.0042189276,-0.010664339,0.016157303,0.0,0.0,1,3,0,0,0,0
1900,8,black,Black,1.48,-1.42,0.65433013,0.09884407,-0.7966034,0.055747934,0.0,0.0,0,3,0,0,0,1
1901,10,black,Black,0.975,-0.825,-0.07686333,0.012495957,0.15106325,0.028719354,0.0,0.0,1,3,0,0,0,2
1902,10,black,Black,0.975,-1.025,-0.2871759,0.024899285,0.06569953,0.017708186,0.0,0.0,1,3,0,0,0,0
1903,14,black,Black,1.465,-1.535,-0.10079275,0.03636772,-0.32155794,0.025096562,0.0,0.0,0,3,0,0,0,0
1904,14,black,Black,1.465,-1.535,0.3748258,0.048665155,-0.36932784,0.03950381,0.0,0.0,0,3,0,0,0,0
1905,10,black,Black,1.475,-1.525,-0.37851197,0.031151688,-0.04320104,0.023047289,0.0,0.0,0,3,0,0,0,0
1906,14,black,Black,1.465,-1.535,0.29227352,0.030365825,-0.4726355,0.026175039,0.0,0.0,0,3,0,0,0,0
1907,10,black,Black,1.475,-1.525,0.43695188,0.030787623,-0.12696593,0.019923756,0.0,0.0,0,3,0,0,0,0
1908,14,black,Black,0.965,-0.935,-0.59752804,0.026997624,-0.12449217,0.05495924,0.0,0.0,1,3,0,0,0,1
1909,14,black,Black,0.465,-0.435,-0.14402786,0.17202057,-0.09733139,0.18644895,0.0,0.0,2,3,0,0,0,1
1910,14,black,Black,1.465,-1.435,-0.10218395,0.017630056,-0.5608836,0.0061689853,0.0,0.0,0,3,0,0,0,1
1911,12,black,Black,0.57,-0.53,0.14762846,0.083604276,0.28133214,0.07062753,0.0,0.0,2,3,0,0,1,0
1912,8,black,Black,0.98,-1.02,-0.60384285,0.036258005,-0.23770112,0.024435688,0.0,0.0,1,3,0,0,0,0
1913,8,black,Black,0.98,-1.02,0.005379975,0.053878225,-0.40947342,0.0399881,0.0,0.0,1,3,0,0,0,0
1914,12,black,Black,0.47,0.06999999999999998,-0.2634358,0.10529498,-0.22172521,0.28766584,0.0,0.0,1,3,0,1,0,1
1915,10,black,Black,1.475,-1.525,-0.076621994,0.028757,-0.88528746,0.025548648,0.0,0.0,0,3,0,0,0,0
1916,12,black,Black,0.97,-1.03,0.4824159,0.03228505,-0.061660647,0.02498539,0.0,0.0,1,3,0,0,0,0
1917,10,black,Black,0.475,0.07499999999999997,-0.49883443,0.20819163,0.21745782,0.4419743,0.0,0.0,1,3,0,1,0,1
1918,14,black,Black,0.465,-0.535,-0.4312332,0.12058306,0.014385598,0.110212006,0.0,0.0,2,3,0,0,0,0
1919,12,black,Black,0.97,-1.03,-0.109801866,0.036902994,0.018113673,0.020422509,0.0,0.0,1,3,0,0,0,0
1920,8,black,Black,1.48,-1.52,0.012294441,0.036062196,0.1954298,0.04942762,0.0,0.0,0,3,0,0,0,0
1921,10,black,Black,0.975,-0.925,-0.71570104,0.043746606,-0.5195185,0.027821194,0.0,0.0,1,3,0,0,0,1
1922,10,black,Black,0.975,-1.025,-0.15896554,0.038102936,-0.079168275,0.02176388,0.0,0.0,1,3,0,0,0,0
1923,14,black,Black,1.465,-1.535,-0.20151524,0.043338854,-0.6014098,0.05113768,0.0,0.0,0,3,0,0,0,0
1924,14,black,Black,0.965,-1.035,-0.2608995,0.0061363988,0.43102783,0.003831213,0.0,0.0,1,3,0,0,0,0
1925,12,black,Black,1.47,-1.43,0.22711031,0.04976031,0.43452048,0.0475723,0.0,0.0,0,3,0,0,0,1
1926,10,black,Black,0.975,-1.025,0.31288147,0.022188723,0.70127785,0.010648156,0.0,0.0,1,3,0,0,0,0
1927,12,black,Black,0.97,-1.03,0.06830269,0.005374696,-0.53155917,0.008841855,0.0,0.0,1,3,0,0,0,0
1928,12,black,Black,0.97,-1.03,-0.80692285,0.040510204,0.17446183,0.02769442,0.0,0.0,1,3,0,0,0,0
1929,12,black,Black,0.97,-0.93,0.034941554,0.015634168,0.43805265,0.018399676,0.0,0.0,1,3,0,0,0,1
1930,12,black,Black,0.97,-1.03,0.58493155,0.025643652,0.10676285,0.0367638,0.0,0.0,1,3,0,0,0,0
1931,12,black,Black,1.47,-1.43,-0.16056335,0.061525982,-0.65236264,0.045550447,0.0,0.0,0,3,0,0,0,1
1932,12,black,Black,1.57,-1.53,-0.29745755,0.09839347,-0.027097026,0.07144638,0.0,0.0,0,3,0,0,1,0
1933,9,white,Black,-0.525,0.98,-0.67187446,0.74466026,0.13643682,1.2338722,0.0,0.0,2,2,0,1,0,0
1934,9,white,Black,-0.525,1.08,0.025716042,0.47478914,0.1841836,0.6919205,0.0,0.0,2,2,0,1,0,1
1935,12,black,Black,1.57,-1.43,-0.16440754,0.08702451,0.2611345,0.038293697,0.0,0.0,0,3,0,0,1,1
1936,12,black,Black,0.97,-1.03,0.09534812,0.010434781,-0.06890547,0.0062018805,0.0,0.0,1,3,0,0,0,0
1937,10,black,Black,1.075,-1.025,0.19811463,0.006089079,0.64559853,0.008448137,0.0,0.0,1,3,0,0,1,0
1938,12,black,Black,1.07,-0.93,-0.17542422,0.009422262,-0.023704847,0.013693855,0.0,0.0,1,3,0,0,1,1
1939,16,black,Black,0.46,-0.44,0.32260734,0.15616857,0.11247319,0.17143169,0.0,0.0,2,3,0,0,0,1
1940,13,white,Black,-0.535,0.47,-0.57413435,0.8069821,-0.20035751,0.868993,0.0,0.0,3,2,0,0,0,0
1941,10,black,Black,0.975,-1.025,0.10951172,0.0021420922,-0.68989,0.004783555,0.0,0.0,1,3,0,0,0,0
1942,12,black,Black,1.47,-1.53,0.28895614,0.0822511,-0.8213992,0.106329106,0.0,0.0,0,3,0,0,0,0
1943,10,black,Black,0.975,-1.025,0.31085524,0.0029257117,0.31662363,0.007123557,0.0,0.0,1,3,0,0,0,0
1944,10,black,Black,1.075,-1.025,-0.5762749,0.090704516,0.5653477,0.06819312,0.0,0.0,1,3,0,0,1,0
1945,12,black,Black,1.17,-0.93,0.2939804,0.0062925383,-0.43213966,0.0041994513,0.0,0.0,1,3,0,0,2,1
1946,10,black,Black,0.475,-0.425,0.2624619,0.10988195,0.05277903,0.11248909,0.0,0.0,2,3,0,0,0,1
1947,12,black,Black,1.47,-1.53,0.009286066,0.10879749,0.17081232,0.092121385,0.0,0.0,0,3,0,0,0,0
1948,14,black,Black,0.465,-0.535,-0.16999483,0.10603594,0.5433073,0.07962989,0.0,0.0,2,3,0,0,0,0
1949,12,black,Black,0.47,0.06999999999999998,-0.73817134,0.07667902,0.40271416,0.37783232,0.0,0.0,1,3,0,1,0,1
1950,10,black,Black,0.975,-1.025,-0.10035696,0.0046256455,0.19638853,0.003115291,0.0,0.0,1,3,0,0,0,0
1951,10,black,Black,0.475,-0.525,0.15643385,0.04871276,0.26847008,0.03619138,0.0,0.0,2,3,0,0,0,0
1952,14,black,Black,0.465,-0.535,-0.7585126,0.07397663,-0.21692228,0.04828465,0.0,0.0,2,3,0,0,0,0
1953,8,black,Black,0.98,-1.02,0.10280162,0.05573112,-0.44483915,0.112591535,0.0,0.0,1,3,0,0,0,0
1954,12,black,Black,1.07,-1.03,0.2825351,0.011817906,0.24778377,0.008663307,0.0,0.0,1,3,0,0,1,0
1955,9,white,Black,-0.525,0.48,-0.65415186,0.70992035,1.0654159,0.65006435,0.0,0.0,3,2,0,0,0,0
1956,10,black,Black,1.675,-1.025,0.15050736,0.22421439,-0.011929035,0.02904297,0.0,0.0,1,2,1,0,2,0
1957,10,black,Black,0.975,-0.925,0.21629488,0.0034698453,0.00047245025,0.008837561,0.0,0.0,1,3,0,0,0,1
1958,9,black,Black,1.475,-0.42000000000000004,-0.6853409,0.4393731,-0.87303126,0.13856782,0.0,0.0,0,2,1,1,0,1
1959,11,white,Black,-0.93,1.475,-0.4465694,1.0291152,-0.037843943,1.4692463,0.0,0.0,2,1,0,1,1,0
1960,13,white,Black,-0.435,0.47,1.1076313,0.49906582,0.09470916,0.42664954,0.0,0.0,3,2,0,0,1,0
1961,14,black,Black,0.565,-0.535,-0.34200898,0.027205093,0.7340859,0.030750697,0.0,0.0,2,3,0,0,1,0
1962,12,black,Black,0.47,-0.53,-0.16077296,0.03065279,0.456205,0.027034195,0.0,0.0,2,3,0,0,0,0
1963,12,black,Black,1.27,-1.03,0.31048822,0.21435475,-0.09797764,0.13313746,0.0,0.0,1,3,0,0,3,0
1964,12,black,Black,0.47,0.16999999999999998,-0.293064,0.040833633,-0.36538753,0.23089258,0.0,0.0,1,3,0,1,0,2
1965,9,white,Black,-1.025,1.58,-0.51115566,0.80234015,0.06605789,1.0807512,0.0,0.0,2,1,0,1,0,1
1966,10,black,Black,1.475,-1.325,0.4198443,0.1833725,-0.3887074,0.1581811,0.0,0.0,0,3,0,0,0,2
1967,12,black,Black,0.97,-1.03,-0.0031950872,0.016296735,-0.09767207,0.045578778,0.0,0.0,1,3,0,0,0,0
1968,12,black,Black,1.07,-0.93,-0.1869209,0.042187113,0.34528908,0.030792043,0.0,0.0,1,3,0,0,1,1
1969,12,black,Black,0.47,-0.53,0.04587869,0.041251026,0.73054236,0.01555282,0.0,0.0,2,3,0,0,0,0
1970,12,black,Black,0.47,-0.53,-0.8417969,0.03688449,-0.12260119,0.015569158,0.0,0.0,2,3,0,0,0,0
1971,12,black,Black,1.07,-1.03,-0.292141,0.03423754,-0.51252687,0.04045223,0.0,0.0,1,3,0,0,1,0
1972,12,black,Black,0.97,-1.03,0.20235364,0.010086588,-0.28793368,0.030270198,0.0,0.0,1,3,0,0,0,0
1973,12,black,Black,0.97,-1.03,0.16897726,0.011807854,-0.63570166,0.033832133,0.0,0.0,1,3,0,0,0,0
1974,9,white,Black,-1.525,2.08,-0.961291,1.5414088,0.5026859,2.1302292,0.0,0.0,2,0,0,1,0,1
1975,10,black,Black,0.975,-1.025,0.084118865,0.006508055,0.01967946,0.024959788,0.0,0.0,1,3,0,0,0,0
1976,10,black,Black,1.475,-1.525,0.22742555,0.1776412,-0.7621741,0.2042732,0.0,0.0,0,3,0,0,0,0
1977,8,black,Black,0.98,-0.92,0.468965,0.0077894754,-0.13834506,0.012027597,0.0,0.0,1,3,0,0,0,1
1978,12,black,Black,0.47,0.16999999999999998,-0.23320544,0.12521009,-0.36266115,0.19160026,0.0,0.0,1,3,0,1,0,2
1979,10,black,Black,1.475,-1.525,-0.0116134165,0.134353,-0.26430434,0.18086386,0.0,0.0,0,3,0,0,0,0
1980,12,black,Black,0.97,-1.03,0.15602978,0.0054167653,-1.1998757,0.014811919,0.0,0.0,1,3,0,0,0,0
1981,12,black,Black,1.57,-1.43,-0.31194007,0.20131339,0.028321305,0.14805843,0.0,0.0,0,3,0,0,1,1
1982,10,black,Black,1.475,-1.525,-0.19436404,0.13632274,-0.75626314,0.15936555,0.0,0.0,0,3,0,0,0,0
1983,10,black,Black,0.475,-0.525,-0.119125225,0.08645011,-0.38179535,0.04804124,0.0,0.0,2,3,0,0,0,0
1984,10,black,Black,1.475,-1.525,-0.5347075,0.119256355,-0.961185,0.14365318,0.0,0.0,0,3,0,0,0,0
1985,10,black,Black,0.975,-0.925,0.040001485,0.006333857,-0.04171338,0.01643362,0.0,0.0,1,3,0,0,0,1
1986,10,black,Black,0.975,-1.025,0.024497246,0.0028258557,-0.82905626,0.020726807,0.0,0.0,1,3,0,0,0,0
1987,10,black,Black,1.475,-1.525,-0.047116973,0.1264886,-0.5764989,0.15104005,0.0,0.0,0,3,0,0,0,0
1988,12,black,Black,0.97,-1.03,-0.36569324,0.0056466125,-0.1439376,0.008995909,0.0,0.0,1,3,0,0,0,0
1989,12,black,Black,0.97,-1.03,-0.007136623,0.006472316,-0.14513284,0.0051662265,0.0,0.0,1,3,0,0,0,0
1990,12,black,Black,0.97,-1.03,0.7136964,0.009877738,0.5169206,0.013432232,0.0,0.0,1,3,0,0,0,0
1991,8,black,Black,0.48,-0.52,-0.17203459,0.1336317,0.25439614,0.050880045,0.0,0.0,2,3,0,0,0,0
1992,10,black,Black,0.475,-0.525,-0.58244145,0.081295,-0.54640746,0.038564716,0.0,0.0,2,3,0,0,0,0
1993,10,black,Black,0.975,-0.925,-0.54009813,0.013718441,0.4891677,0.010531036,0.0,0.0,1,3,0,0,0,1
1994,12,black,Black,1.47,-1.33,0.27023306,0.09765633,-0.35298395,0.052208554,0.0,0.0,0,3,0,0,0,2
1995,15,white,Black,-0.54,0.465,-0.12510346,0.6281795,0.060911153,0.5977589,0.0,0.0,3,2,0,0,0,0
1996,10,black,Black,0.975,-1.025,0.23551276,0.008631468,-0.6036707,0.0014145544,0.0,0.0,1,3,0,0,0,0
1997,10,black,Black,0.975,-1.025,-0.8236879,0.010774036,-0.33796662,0.00481641,0.0,0.0,1,3,0,0,0,0
1998,14,black,Black,0.565,-0.435,0.2826217,0.13073455,-0.15100288,0.26700592,0.0,0.0,2,3,0,0,1,1
1999,11,white,Black,-0.33,1.175,-0.11244949,0.5108683,-0.7662303,1.0456308,0.0,0.0,2,2,0,1,2,2
2000,10,black,Black,0.975,-1.025,0.37321368,0.009565945,0.23683748,0.011841264,0.0,0.0,1,3,0,0,0,0
2001,9,white,Black,-1.025,1.08,-0.23433821,1.0566955,0.60345143,0.94489974,0.0,0.0,3,1,0,0,0,1
2002,8,black,Black,1.48,-1.52,0.11968778,0.11296314,-0.12452257,0.10418599,0.0,0.0,0,3,0,0,0,0
2003,10,black,Black,0.575,-0.525,-0.5561389,0.10098629,-0.14421888,0.033682425,0.0,0.0,2,3,0,0,1,0
2004,12,black,Black,0.97,-1.03,-0.5221576,0.010550569,-0.45907465,0.0047844127,0.0,0.0,1,3,0,0,0,0
2005,10,black,Black,0.975,-1.025,0.3148803,0.011469027,-0.34381694,0.010626385,0.0,0.0,1,3,0,0,0,0
2006,8,black,Black,1.48,-1.52,0.93524486,0.093547285,-1.0226644,0.055864073,0.0,0.0,0,3,0,0,0,0
2007,12,black,Black,0.97,-1.03,-0.14518565,0.005735254,0.6146819,0.015867576,0.0,0.0,1,3,0,0,0,0
2008,10,black,Black,1.475,-1.525,-0.64770603,0.14773092,0.035681296,0.11497611,0.0,0.0,0,3,0,0,0,0
2009,14,black,Black,0.965,-1.035,0.08900343,0.02526525,-0.4021148,0.025297452,0.0,0.0,1,3,0,0,0,0
2010,8,black,Black,1.48,-1.52,-0.15062153,0.0873341,-0.8389914,0.05008275,0.0,0.0,0,3,0,0,0,0
2011,13,white,Black,-0.535,0.57,-0.41404718,0.62087375,1.3058621,0.7389131,0.0,0.0,3,2,0,0,0,1
2012,12,black,Black,1.47,-1.43,0.12285801,0.13342537,-0.63352674,0.08662399,0.0,0.0,0,3,0,0,0,1
2013,8,black,Black,1.48,-1.52,0.2268902,0.10697495,-0.59515846,0.10496438,0.0,0.0,0,3,0,0,0,0
2014,12,black,Black,0.57,-0.53,-0.3145471,0.0949638,0.49992904,0.08802005,0.0,0.0,2,3,0,0,1,0
2015,12,black,Black,0.97,-1.03,-0.21371382,0.058736693,-0.20419021,0.05771142,0.0,0.0,1,3,0,0,0,0
2016,10,black,Black,0.975,-1.025,0.04874397,0.013566211,0.108493045,0.027729178,0.0,0.0,1,3,0,0,0,0
2017,10,black,Black,0.475,-0.525,0.055398654,0.13104609,0.103852555,0.09141068,0.0,0.0,2,3,0,0,0,0
2018,16,black,Black,0.56,-0.44,-0.19759113,0.10529746,0.49804017,0.14935312,0.0,0.0,2,3,0,0,1,1
2019,13,white,Black,-0.535,1.17,-0.5458838,0.61782855,0.09797883,1.1453462,0.0,0.0,2,2,0,1,0,2
2020,14,black,Black,0.965,-1.035,0.04114637,0.0071933665,0.53894806,0.008114031,0.0,0.0,1,3,0,0,0,0
2021,13,white,Black,-0.535,0.47,-0.016268492,0.5214945,0.4611825,0.4346693,0.0,0.0,3,2,0,0,0,0
2022,10,black,Black,0.975,-1.025,0.014119411,0.0042133154,0.49697366,0.009632699,0.0,0.0,1,3,0,0,0,0
2023,12,black,Black,0.97,-1.03,-0.52734286,0.0075282822,-0.07588325,0.010261423,0.0,0.0,1,3,0,0,0,0
2024,10,black,Black,1.475,-1.025,-0.10733713,0.079193324,2.0672011,0.004287929,0.0,0.0,1,2,1,0,0,0
2025,10,black,Black,0.975,-1.025,-0.0988132,0.017575588,-0.058003746,0.028257411,0.0,0.0,1,3,0,0,0,0
2026,8,black,Black,1.08,-1.02,-0.5829707,0.04549697,-0.05431971,0.033632785,0.0,0.0,1,3,0,0,1,0
2027,12,black,Black,0.47,-0.43,0.06718773,0.05123976,0.4179739,0.04088717,0.0,0.0,2,3,0,0,0,1
2028,16,black,Black,0.96,-0.94,-0.012158096,0.0031342101,-0.57960224,0.005694533,0.0,0.0,1,3,0,0,0,1
2029,13,white,Black,-0.535,1.07,-0.50026315,0.47155616,-1.386145,0.75828505,0.0,0.0,2,2,0,1,0,1
2030,10,black,Black,0.475,-0.525,-0.62616205,0.05782465,-0.014217901,0.0540765,0.0,0.0,2,3,0,0,0,0
2031,10,black,Black,0.475,-0.525,-0.1606298,0.04651509,0.38343152,0.041964285,0.0,0.0,2,3,0,0,0,0
2032,10,black,Black,1.575,-1.525,0.49032265,0.2047437,0.23393568,0.13166133,0.0,0.0,0,3,0,0,1,0
2033,16,black,Black,0.46,-0.54,-0.082144886,0.052271284,0.5627313,0.03178733,0.0,0.0,2,3,0,0,0,0
2034,14,black,Black,0.465,-0.435,-0.2106485,0.038033463,-0.09403985,0.0561217,0.0,0.0,2,3,0,0,0,1
2035,10,black,Black,0.475,-0.425,-0.15794286,0.03467898,1.0242399,0.042311024,0.0,0.0,2,3,0,0,0,1
2036,8,black,Black,1.48,-1.52,0.046430707,0.13007283,-0.9703846,0.14035746,0.0,0.0,0,3,0,0,0,0
2037,10,black,Black,1.475,-1.525,-0.028641904,0.21135743,0.40326628,0.17052373,0.0,0.0,0,3,0,0,0,0
2038,10,black,Black,0.975,-0.825,0.46706858,0.0144998785,0.51444733,0.0013101299,0.0,0.0,1,3,0,0,0,2
2039,12,black,Black,1.57,-1.33,0.031717937,0.21303248,-0.6236227,0.1256169,0.0,0.0,0,3,0,0,1,2
2040,12,black,Black,0.97,-1.03,1.1806096,0.020933846,-0.7511647,0.019725397,0.0,0.0,1,3,0,0,0,0
2041,12,black,Black,1.47,-1.53,-0.29984313,0.18589903,-0.004236301,0.14130908,0.0,0.0,0,3,0,0,0,0
2042,16,black,Black,1.56,-1.44,-0.003148675,0.2028167,-0.3357294,0.12557411,0.0,0.0,0,3,0,0,1,1
2043,12,black,Black,0.97,-0.93,0.11459037,0.0050234883,-0.34652475,0.011400591,0.0,0.0,1,3,0,0,0,1
2044,10,black,Black,1.475,-1.525,0.81303436,0.15046434,-0.010282183,0.11243115,0.0,0.0,0,3,0,0,0,0
2045,10,black,Black,1.475,-1.525,-0.025479604,0.11484257,-0.4924245,0.11668859,0.0,0.0,0,3,0,0,0,0
2046,7,white,Black,-0.52,0.485,-0.38000494,0.5280408,-0.2709758,0.3613616,0.0,0.0,3,2,0,0,0,0
2047,10,black,Black,0.475,-0.525,0.41776094,0.10193191,0.09118457,0.060235847,0.0,0.0,2,3,0,0,0,0
2048,12,black,Black,0.97,-0.43000000000000005,-0.0404315,0.023521887,0.9057788,0.1329487,0.0,0.0,0,3,0,1,0,1
2049,12,black,Black,0.97,-1.03,0.0034635465,0.06259375,-0.15030117,0.091917,0.0,0.0,1,3,0,0,0,0
2050,8,black,Black,1.48,-1.52,-0.29970533,0.06417518,-0.8307377,0.07709566,0.0,0.0,0,3,0,0,0,0
2051,14,black,Black,0.465,-0.535,-1.1673273,0.18705037,-0.91166264,0.18686996,0.0,0.0,2,3,0,0,0,0
2052,9,white,Black,-0.525,0.48,-0.12250123,0.6563443,-0.10307151,0.57845193,0.0,0.0,3,2,0,0,0,0
2053,14,black,Black,1.465,-1.535,0.045657363,0.07393593,-0.5930049,0.08825666,0.0,0.0,0,3,0,0,0,0
2054,8,black,Black,1.98,-1.52,0.9953244,0.33503166,-0.27486554,0.06359505,0.0,0.0,0,2,1,0,0,0
2055,12,black,Black,0.97,-0.93,-0.4655143,0.09390404,-1.0511912,0.0697036,0.0,0.0,1,3,0,0,0,1
2056,10,black,Black,0.975,-1.025,-0.5755292,0.035127766,-0.3261278,0.026982535,0.0,0.0,1,3,0,0,0,0
2057,13,white,Black,-0.435,1.17,-0.7046134,0.72876155,-0.25215527,1.3911501,0.0,0.0,2,2,0,1,1,2
2058,10,black,Black,2.075,-1.525,0.12583193,0.33888572,-0.6329938,0.05255636,0.0,0.0,0,2,1,0,1,0
2059,11,white,Black,-0.53,0.575,-0.52812284,0.8433037,0.1837089,0.8277916,0.0,0.0,3,2,0,0,0,1
2060,10,black,Black,1.975,-1.425,0.23730728,0.30069196,-0.4932703,0.032824013,0.0,0.0,0,2,1,0,0,1
2061,14,black,Black,1.465,-1.535,0.24040425,0.042410795,-0.45049545,0.04962329,0.0,0.0,0,3,0,0,0,0
2062,10,black,Black,1.475,-1.525,-1.1325191,0.039122097,-0.4858009,0.044860847,0.0,0.0,0,3,0,0,0,0
2063,12,black,Black,1.57,-1.23,0.22123648,0.050135527,0.09782029,0.013678625,0.0,0.0,0,3,0,0,1,3
2064,14,black,Black,0.565,-0.435,0.17339632,0.10113927,0.20764239,0.10859431,0.0,0.0,2,3,0,0,1,1
2065,10,black,Black,0.475,-0.525,0.43090874,0.08361978,0.27260646,0.03918242,0.0,0.0,2,3,0,0,0,0
2066,12,black,Black,0.47,-0.53,-0.47208044,0.21704291,0.6207606,0.10734719,0.0,0.0,2,3,0,0,0,0
2067,10,black,Black,0.975,-1.025,-0.37652597,0.026634496,0.22401743,0.0939138,0.0,0.0,1,3,0,0,0,0
2068,10,black,Black,0.975,-0.42500000000000004,-0.349685,0.046718545,-0.22860198,0.11184833,0.0,0.0,0,3,0,1,0,1
2069,12,black,Black,0.47,-0.53,-0.09529078,0.17129308,-0.031719375,0.08657828,0.0,0.0,2,3,0,0,0,0
2070,12,black,Black,0.97,-1.03,0.025212765,0.030544037,0.28542268,0.024199637,0.0,0.0,1,3,0,0,0,0
2071,12,black,Black,1.47,-1.53,0.14737928,0.0512916,-0.6507693,0.08304386,0.0,0.0,0,3,0,0,0,0
2072,10,black,Black,1.475,-1.525,-0.02955513,0.032291096,-0.70384735,0.055225134,0.0,0.0,0,3,0,0,0,0
2073,12,black,Black,1.07,-1.03,-1.0233554,0.004165605,-0.9271498,0.0032037282,0.0,0.0,1,3,0,0,1,0
2074,12,white,Black,-1.03,1.57,0.9731366,1.487475,0.41091976,1.7487665,0.0,0.0,2,1,0,1,0,1
2075,12,black,Black,0.97,-1.03,0.11031816,0.03543087,0.3631878,0.0023318154,0.0,0.0,1,3,0,0,0,0
2076,11,white,Black,-0.53,0.575,-0.28834864,0.7158368,-0.13050532,0.68036926,0.0,0.0,3,2,0,0,0,1
2077,10,black,Black,0.475,-0.525,0.7877138,0.15301302,0.3234865,0.07212893,0.0,0.0,2,3,0,0,0,0
2078,14,black,Black,1.565,-1.335,0.023181915,0.091326304,-0.023924002,0.06598001,0.0,0.0,0,3,0,0,1,2
2079,14,black,Black,1.565,-1.435,-0.22112836,0.12265597,-0.5368545,0.07721428,0.0,0.0,0,3,0,0,1,1
2080,8,black,Black,1.48,-1.52,0.17313391,0.04923739,-2.0936527,0.070518665,0.0,0.0,0,3,0,0,0,0
2081,10,black,Black,0.975,-1.025,0.16180596,0.010081033,-0.021871042,0.0013999873,0.0,0.0,1,3,0,0,0,0
2082,8,black,Black,0.98,-0.92,-0.33751062,0.015411693,0.3209951,0.010604201,0.0,0.0,1,3,0,0,0,1
2083,12,black,Black,1.07,-1.03,0.37357363,0.002339043,0.2639573,0.005320113,0.0,0.0,1,3,0,0,1,0
2084,10,black,Black,0.975,-1.025,0.26549822,0.020690028,-0.28555116,0.018843692,0.0,0.0,1,3,0,0,0,0
2085,8,black,Black,1.48,-1.52,0.58560073,0.07778698,0.07296729,0.07834755,0.0,0.0,0,3,0,0,0,0
2086,16,black,Black,0.46,-0.34,-0.5053569,0.15065871,0.31998432,0.13817595,0.0,0.0,2,3,0,0,0,2
2087,11,white,Black,-0.53,0.475,-0.54093236,0.61688805,-0.095256366,0.5133946,0.0,0.0,3,2,0,0,0,0
2088,12,black,Black,1.07,-1.03,0.8471663,0.0048112664,-0.10588182,0.0012195142,0.0,0.0,1,3,0,0,1,0
2089,12,black,Black,0.97,-0.93,-0.65680027,0.003263834,0.31485188,0.006423094,0.0,0.0,1,3,0,0,0,1
2090,10,black,Black,1.175,-0.525,-0.29363632,0.015451023,-0.5464546,0.039139427,0.0,0.0,2,2,1,0,2,0
2091,10,black,Black,0.975,-1.025,0.3106413,0.011442969,0.21188769,0.018459067,0.0,0.0,1,3,0,0,0,0
2092,10,black,Black,1.475,-1.525,0.42535934,0.07750408,0.3991622,0.062793165,0.0,0.0,0,3,0,0,0,0
2093,14,black,Black,0.965,-1.035,0.24877675,0.002218342,0.018890295,0.005131114,0.0,0.0,1,3,0,0,0,0
2094,8,black,Black,0.98,-0.92,0.09269026,0.0051337914,-0.35310024,0.01895302,0.0,0.0,1,3,0,0,0,1
2095,12,black,Black,1.07,-1.03,0.13920207,0.007427165,-0.47674075,0.0110698445,0.0,0.0,1,3,0,0,1,0
2096,12,black,Black,0.97,-1.03,0.5602743,0.015110769,0.23998348,0.051932324,0.0,0.0,1,3,0,0,0,0
2097,8,black,Black,1.48,-1.52,0.33155838,0.067909144,-0.5856982,0.08053492,0.0,0.0,0,3,0,0,0,0
2098,10,black,Black,1.075,-0.925,0.34987065,0.0071426826,0.7613112,0.0010504794,0.0,0.0,1,3,0,0,1,1
2099,10,black,Black,1.475,-1.525,0.13488588,0.06377111,-1.2923597,0.071503796,0.0,0.0,0,3,0,0,0,0
2100,12,black,Black,0.97,-0.93,0.2495684,0.009011061,-0.15644145,0.03263786,0.0,0.0,1,3,0,0,0,1
2101,12,black,Black,1.47,-1.53,0.022411028,0.084476374,-0.3660682,0.102161996,0.0,0.0,0,3,0,0,0,0
2102,12,black,Black,1.47,-1.53,0.21502304,0.0792773,-0.24452329,0.07232442,0.0,0.0,0,3,0,0,0,0
2103,6,black,Black,1.485,-1.015,0.2804415,0.093047164,0.5368075,0.00084810564,0.0,0.0,1,2,1,0,0,0
2104,14,black,Black,0.465,-0.035,0.03553266,0.18899515,0.32527947,0.45854786,0.0,0.0,1,3,0,1,0,0
2105,12,black,Black,0.97,-1.03,0.36238977,0.00884752,1.0006298,0.000925777,0.0,0.0,1,3,0,0,0,0
2106,12,black,Black,1.47,-1.53,-0.15403089,0.046026442,0.38166535,0.052299187,0.0,0.0,0,3,0,0,0,0
2107,10,black,Black,0.475,-0.425,-0.3702878,0.1094382,0.32724157,0.0660005,0.0,0.0,2,3,0,0,0,1
2108,12,black,Black,1.47,-1.53,0.4571242,0.065493524,0.60061485,0.06608497,0.0,0.0,0,3,0,0,0,0
2109,9,white,Black,-0.325,0.48,-0.8354882,0.5438449,1.292104,0.44232455,0.0,0.0,3,2,0,0,2,0
2110,12,black,Black,0.97,-0.53,0.0955627,0.024543365,0.040873807,0.20477557,0.0,0.0,0,3,0,1,0,0
2111,10,black,Black,1.575,-1.525,0.041515347,0.050361436,-1.0208019,0.03220612,0.0,0.0,0,3,0,0,1,0
2112,10,black,Black,0.975,-1.025,0.15926194,0.01922782,-0.4361112,0.01586235,0.0,0.0,1,3,0,0,0,0
2113,16,black,Black,0.96,-1.04,-0.39307234,0.008559832,-0.082451224,0.011870508,0.0,0.0,1,3,0,0,0,0
2114,12,black,Black,1.47,-1.43,-0.21957774,0.04633984,-0.37848118,0.039373238,0.0,0.0,0,3,0,0,0,1
2115,11,white,Black,-1.03,1.575,-0.57589275,1.3265766,0.45264584,1.970121,0.0,0.0,2,1,0,1,0,1
2116,12,black,Black,1.07,-1.03,0.018096095,0.0066258367,0.6273719,0.01301141,0.0,0.0,1,3,0,0,1,0
2117,12,black,Black,0.97,-0.93,0.17648387,0.017335013,0.16497894,0.004783739,0.0,0.0,1,3,0,0,0,1
2118,16,black,Black,1.46,-1.54,0.26623002,0.041303717,0.24233192,0.07795702,0.0,0.0,0,3,0,0,0,0
2119,12,black,Black,0.97,-0.93,-0.93478984,0.014712721,0.856767,0.009215375,0.0,0.0,1,3,0,0,0,1
2120,14,black,Black,0.965,-1.035,-0.2653874,0.01836775,0.1313418,0.0073634135,0.0,0.0,1,3,0,0,0,0
2121,8,black,Black,0.98,-1.02,-0.2186507,0.0153502915,0.10120342,0.008733598,0.0,0.0,1,3,0,0,0,0
2122,10,black,Black,1.475,-1.525,-0.09034802,0.06015467,-1.2400389,0.07291353,0.0,0.0,0,3,0,0,0,0
2123,12,black,Black,1.47,-1.03,-0.6085167,0.15751743,0.34836748,0.016911007,0.0,0.0,1,2,1,0,0,0
2124,14,black,Black,0.465,0.16499999999999998,-0.50029707,0.17899068,0.49127096,0.5210724,0.0,0.0,1,3,0,1,0,2
2125,13,white,Black,-0.535,1.07,-0.14136437,0.86228174,-0.42533946,1.3885403,0.0,0.0,2,2,0,1,0,1
2126,15,white,Black,-0.54,0.465,-0.5981492,0.719353,0.14386834,0.7291917,0.0,0.0,3,2,0,0,0,0
2127,12,black,Black,1.07,-0.93,-0.05933742,0.0046796743,0.0033820271,0.023856089,0.0,0.0,1,3,0,0,1,1
2128,7,white,Black,-0.42,0.485,-0.99834114,0.53705597,-0.33349273,0.42415926,0.0,0.0,3,2,0,0,1,0
2129,10,black,Black,1.475,-1.525,0.04549414,0.08301761,-0.3089947,0.07695408,0.0,0.0,0,3,0,0,0,0
2130,12,black,Black,1.47,-1.43,0.12755744,0.078839175,-0.19638252,0.06617944,0.0,0.0,0,3,0,0,0,1
2131,10,black,Black,1.475,-1.525,0.9711367,0.09398271,-0.79352164,0.084205754,0.0,0.0,0,3,0,0,0,0
2132,12,black,Black,0.97,-1.03,0.8275505,0.006630879,1.4736842,0.008331133,0.0,0.0,1,3,0,0,0,0
2133,10,black,Black,1.475,-1.525,-0.80371016,0.06984012,0.26533,0.10077797,0.0,0.0,0,3,0,0,0,0
2134,10,black,Black,1.475,-1.525,-0.6037394,0.057565473,-0.9008934,0.096423045,0.0,0.0,0,3,0,0,0,0
2135,13,white,Black,-0.535,0.57,0.11035902,0.79675865,0.31236216,0.79491335,0.0,0.0,3,2,0,0,0,1
2136,12,black,Black,0.97,-1.03,0.71094656,0.011558001,-0.37242734,0.0017726035,0.0,0.0,1,3,0,0,0,0
2137,10,black,Black,1.475,-1.525,-0.11614114,0.08831891,-0.49277943,0.09944674,0.0,0.0,0,3,0,0,0,0
2138,8,black,Black,0.98,-1.02,-0.46202692,0.013831016,0.14296922,0.011835142,0.0,0.0,1,3,0,0,0,0
2139,10,black,Black,0.975,-1.025,0.18926129,0.0031520282,0.47560912,0.00092122424,0.0,0.0,1,3,0,0,0,0
2140,10,black,Black,1.475,-1.025,0.35361242,0.053871203,0.9171146,0.009886357,0.0,0.0,1,2,1,0,0,0
2141,14,black,Black,1.465,-1.535,-0.045683537,0.065659314,-0.29321983,0.076011635,0.0,0.0,0,3,0,0,0,0
2142,12,black,Black,0.47,-0.53,-0.47210208,0.17823796,0.08054888,0.069871046,0.0,0.0,2,3,0,0,0,0
2143,12,black,Black,1.47,-1.43,-0.5462193,0.06611006,-0.34939575,0.053948134,0.0,0.0,0,3,0,0,0,1
2144,12,black,Black,1.47,-1.43,-0.15997227,0.052600503,0.14834766,0.042444278,0.0,0.0,0,3,0,0,0,1
2145,14,black,Black,1.565,-1.335,-0.12361962,0.09366538,0.3353441,0.028642628,0.0,0.0,0,3,0,0,1,2
2146,13,white,Black,-0.535,1.07,-0.1767466,0.8883483,0.45131063,1.5139847,0.0,0.0,2,2,0,1,0,1
2147,12,black,Black,1.47,-1.53,0.21032266,0.0479902,0.7223241,0.046629816,0.0,0.0,0,3,0,0,0,0
2148,12,black,Black,1.47,-1.53,-0.1198501,0.044021275,-0.4385991,0.046263874,0.0,0.0,0,3,0,0,0,0
2149,18,black,Black,1.555,-1.445,-0.28476676,0.048806116,-0.10370636,0.038716756,0.0,0.0,0,3,0,0,1,1
2150,13,white,Black,-0.535,0.57,-0.2763024,0.86628,0.5156575,0.92868656,0.0,0.0,3,2,0,0,0,1
2151,7,white,Black,-1.02,1.485,-1.0948013,0.88439596,-0.12199362,1.1092024,0.0,0.0,2,1,0,1,0,0
2152,10,black,Black,0.975,-1.025,0.04793067,0.034124807,0.81994915,0.038385075,0.0,0.0,1,3,0,0,0,0
2153,14,black,Black,1.465,-1.535,0.099746205,0.03943978,-0.9095486,0.0547633,0.0,0.0,0,3,0,0,0,0
2154,12,black,Black,0.97,-0.93,-0.32192847,0.034901295,0.8272307,0.11417914,0.0,0.0,1,3,0,0,0,1
2155,8,black,Black,1.98,-1.52,-0.38052696,0.2291798,-0.1736542,0.037703995,0.0,0.0,0,2,1,0,0,0
